annotation_status,bbox_scale_summary_from_historical_reference,brood_context,cotton_context,dhash64,family_id,filename,final_image_path,food_context,frame_index,historical_annotation_count_reference_only,historical_bbox_stats_reference_only,image_height,image_path,image_sha256,image_width,no_historical_labels_copied,queen_present,reflection_context,selection_reason,source,source_video,timestamp_seconds
manual_relabel_required_no_labels_created,large_ge_ant2_median_reference_from_design,False,True,0783930e073371f8,ant2_fam_01_initial_queen_brood,ant2_frame_000000_t0000-000_jpg.rf.6a638ed7ff141c5a131c28a222ae0f44.jpg,datasets/ants_v3_annotation_pack/ant2/final_images/ant2_frame_000000_t0000-000_jpg.rf.6a638ed7ff141c5a131c28a222ae0f44.jpg,False,0,4,"{""area_max"": null, ""area_median"": null, ""area_min"": null, ""count"": 0, ""height_median"": null, ""width_median"": null}",700,datasets/ants_v3_annotation_pack/ant2/images/ant2_frame_000000_t0000-000_jpg.rf.6a638ed7ff141c5a131c28a222ae0f44.jpg,76258cfdc10ddd81c3db028a9727828bc4fdd56bcff9781a02d4f2162968504e,600,True,True,False,selected for visual diversity: queen large and mostly fully visible; nearby small workers vary slightly; early brood/food/cotton context,ant2,samples/ant2.mp4,0.0
manual_relabel_required_no_labels_created,large_ge_ant2_median_reference_from_design,False,True,07831306876371b9,ant2_fam_01_initial_queen_brood,ant2_frame_000021_t0000-701_jpg.rf.66f848fdc841c4468c97684a14a0092d.jpg,datasets/ants_v3_annotation_pack/ant2/final_images/ant2_frame_000021_t0000-701_jpg.rf.66f848fdc841c4468c97684a14a0092d.jpg,False,21,5,"{""area_max"": null, ""area_median"": null, ""area_min"": null, ""count"": 0, ""height_median"": null, ""width_median"": null}",700,datasets/ants_v3_annotation_pack/ant2/images/ant2_frame_000021_t0000-701_jpg.rf.66f848fdc841c4468c97684a14a0092d.jpg,fddc4b110ba9d3d5a90911514b2acbb41016aea437ef3f6bfc709948a3d9ac97,600,True,True,False,selected for visual diversity: queen large and mostly fully visible; nearby small workers vary slightly; early brood/food/cotton context,ant2,samples/ant2.mp4,0.701
manual_relabel_required_no_labels_created,large_ge_ant2_median_reference_from_design,False,True,07830306876371b9,ant2_fam_01_initial_queen_brood,ant2_frame_000042_t0001-401_jpg.rf.a36b5834a343fae7c6de92229d4dd626.jpg,datasets/ants_v3_annotation_pack/ant2/final_images/ant2_frame_000042_t0001-401_jpg.rf.a36b5834a343fae7c6de92229d4dd626.jpg,False,42,5,"{""area_max"": null, ""area_median"": null, ""area_min"": null, ""count"": 0, ""height_median"": null, ""width_median"": null}",700,datasets/ants_v3_annotation_pack/ant2/images/ant2_frame_000042_t0001-401_jpg.rf.a36b5834a343fae7c6de92229d4dd626.jpg,5f7119eee7dce344d476e5fc462c9c34eeba398cd3c73c7c6958926931db91e8,600,True,True,False,selected for visual diversity: queen large and mostly fully visible; nearby small workers vary slightly; early brood/food/cotton context,ant2,samples/ant2.mp4,1.401
manual_relabel_required_no_labels_created,medium_bridge_v2_to_ant2,False,True,07831307866771b9,ant2_fam_02_queen_worker_transition,ant2_frame_000056_t0001-868_jpg.rf.1cbf90fa3fcd5c8f127389875fbad6c4.jpg,datasets/ants_v3_annotation_pack/ant2/final_images/ant2_frame_000056_t0001-868_jpg.rf.1cbf90fa3fcd5c8f127389875fbad6c4.jpg,False,56,4,"{""area_max"": 0.09462857142857142, ""area_median"": 0.027988095238095236, ""area_min"": 0.016295238095238095, ""count"": 4, ""height_median"": 0.13214285714285715, ""width_median"": 0.21250000000000002}",700,datasets/ants_v3_annotation_pack/ant2/images/ant2_frame_000056_t0001-868_jpg.rf.1cbf90fa3fcd5c8f127389875fbad6c4.jpg,2c60c8c57e6eba57746e0a62d58832842294e2652d6c6586ff8dcc3be9bc05a3,600,True,True,False,selected for visual diversity: medium-to-large bbox scale bridge; workers farther from queen; queen orientation remains comparable but visible workers change,ant2,samples/ant2.mp4,1.868
manual_relabel_required_no_labels_created,medium_bridge_v2_to_ant2,False,True,07072307866751b9,ant2_fam_02_queen_worker_transition,ant2_frame_000077_t0002-569_jpg.rf.7b2f20ff6a5212929d96537e27b81523.jpg,datasets/ants_v3_annotation_pack/ant2/final_images/ant2_frame_000077_t0002-569_jpg.rf.7b2f20ff6a5212929d96537e27b81523.jpg,False,77,4,"{""area_max"": 0.09855, ""area_median"": 0.025107142857142856, ""area_min"": 0.0196, ""count"": 4, ""height_median"": 0.12714285714285714, ""width_median"": 0.1975}",700,datasets/ants_v3_annotation_pack/ant2/images/ant2_frame_000077_t0002-569_jpg.rf.7b2f20ff6a5212929d96537e27b81523.jpg,fd5baf580b339b019cdf03f2f3c580d58b36261f31146b1ebd8d6887303cb01b,600,True,True,False,selected for visual diversity: medium-to-large bbox scale bridge; workers farther from queen; queen orientation remains comparable but visible workers change,ant2,samples/ant2.mp4,2.569
manual_relabel_required_no_labels_created,large_ge_ant2_median,False,True,07032307a667d1b9,ant2_fam_02_queen_worker_transition,ant2_frame_000091_t0003-036_jpg.rf.44cd5d3798ae8d537b116d49fac4f52e.jpg,datasets/ants_v3_annotation_pack/ant2/final_images/ant2_frame_000091_t0003-036_jpg.rf.44cd5d3798ae8d537b116d49fac4f52e.jpg,False,91,4,"{""area_max"": 0.05726694214285715, ""area_median"": 0.0341047619047619, ""area_min"": 0.024733333333333336, ""count"": 4, ""height_median"": 0.14077857142857148, ""width_median"": 0.20833333333333331}",700,datasets/ants_v3_annotation_pack/ant2/images/ant2_frame_000091_t0003-036_jpg.rf.44cd5d3798ae8d537b116d49fac4f52e.jpg,d51fe0e2e7c6a19d5d57514376047e832be91da2e0528c988723b92c6eebc9d5,600,True,True,False,selected for visual diversity: medium-to-large bbox scale bridge; workers farther from queen; queen orientation remains comparable but visible workers change,ant2,samples/ant2.mp4,3.036
manual_relabel_required_no_labels_created,large_ge_ant2_median,False,True,07830307866751b8,ant2_fam_02_queen_worker_transition,ant2_frame_000112_t0003-737_jpg.rf.adae2bf15862175313b8974d592d2459.jpg,datasets/ants_v3_annotation_pack/ant2/final_images/ant2_frame_000112_t0003-737_jpg.rf.adae2bf15862175313b8974d592d2459.jpg,False,112,4,"{""area_max"": 0.11017142857142857, ""area_median"": 0.03172538571428572, ""area_min"": 0.022585714285714285, ""count"": 4, ""height_median"": 0.1506428571428572, ""width_median"": 0.2106}",700,datasets/ants_v3_annotation_pack/ant2/images/ant2_frame_000112_t0003-737_jpg.rf.adae2bf15862175313b8974d592d2459.jpg,e54b4d3d33ff08dcfea9c6501e3e1b65ca7f4df45bf836441b6d6e59ec82ebf4,600,True,True,False,selected for visual diversity: medium-to-large bbox scale bridge; workers farther from queen; queen orientation remains comparable but visible workers change,ant2,samples/ant2.mp4,3.737
manual_relabel_required_no_labels_created,medium_bridge_v2_to_ant2,True,True,83831307067379f8,ant2_fam_03_queen_workers_brood_food,ant2_frame_000126_t0004-204_jpg.rf.6b8da0815be50475e796ed91ea025b24.jpg,datasets/ants_v3_annotation_pack/ant2/final_images/ant2_frame_000126_t0004-204_jpg.rf.6b8da0815be50475e796ed91ea025b24.jpg,True,126,3,"{""area_max"": 0.02935238095238095, ""area_median"": 0.028183333333333335, ""area_min"": 0.018852380952380954, ""count"": 3, ""height_median"": 0.13142857142857142, ""width_median"": 0.17833333333333334}",700,datasets/ants_v3_annotation_pack/ant2/images/ant2_frame_000126_t0004-204_jpg.rf.6b8da0815be50475e796ed91ea025b24.jpg,f435c3d5a43854cc9f20e3d7882f8c0b4cffe2cc63616e815b19bc7fd76bfbc0,600,True,True,False,selected for visual diversity: workers close to/touching queen; multiple adult counts from 3 to 6; brood/food distractors near adult ants; medium and large reference scale,ant2,samples/ant2.mp4,4.204
manual_relabel_required_no_labels_created,large_ge_ant2_median,True,True,87831307063371f8,ant2_fam_03_queen_workers_brood_food,ant2_frame_000133_t0004-438_jpg.rf.eb3ae7a968ce6e9eea48726402e856d3.jpg,datasets/ants_v3_annotation_pack/ant2/final_images/ant2_frame_000133_t0004-438_jpg.rf.eb3ae7a968ce6e9eea48726402e856d3.jpg,True,133,5,"{""area_max"": 0.11353571428571428, ""area_median"": 0.03476428571428571, ""area_min"": 0.01965994095238096, ""count"": 5, ""height_median"": 0.18571428571428567, ""width_median"": 0.15606666666666663}",700,datasets/ants_v3_annotation_pack/ant2/images/ant2_frame_000133_t0004-438_jpg.rf.eb3ae7a968ce6e9eea48726402e856d3.jpg,038915167af83c16b8f53b5378a489b69a92ba230fa3bc535b941d5ebddd92e5,600,True,True,False,selected for visual diversity: workers close to/touching queen; multiple adult counts from 3 to 6; brood/food distractors near adult ants; medium and large reference scale,ant2,samples/ant2.mp4,4.438
manual_relabel_required_no_labels_created,large_ge_ant2_median,True,True,0f831307866351f9,ant2_fam_03_queen_workers_brood_food,ant2_frame_000161_t0005-372_jpg.rf.466084ce20be5598a63ea1bbd0c520d2.jpg,datasets/ants_v3_annotation_pack/ant2/final_images/ant2_frame_000161_t0005-372_jpg.rf.466084ce20be5598a63ea1bbd0c520d2.jpg,True,161,4,"{""area_max"": 0.0393733785714286, ""area_median"": 0.03118803226190476, ""area_min"": 0.02346666666666667, ""count"": 4, ""height_median"": 0.17623571428571427, ""width_median"": 0.18916666666666668}",700,datasets/ants_v3_annotation_pack/ant2/images/ant2_frame_000161_t0005-372_jpg.rf.466084ce20be5598a63ea1bbd0c520d2.jpg,c323e22238016bd4e497ba589c17b9653a3ad7d99367ba8c75f7bf62d17b309b,600,True,True,False,selected for visual diversity: workers close to/touching queen; multiple adult counts from 3 to 6; brood/food distractors near adult ants; medium and large reference scale,ant2,samples/ant2.mp4,5.372
manual_relabel_required_no_labels_created,medium_bridge_v2_to_ant2,True,True,0f031307076351f9,ant2_fam_03_queen_workers_brood_food,ant2_frame_000182_t0006-072_jpg.rf.1f1bf5ee0305e5595449b9740e90ae9e.jpg,datasets/ants_v3_annotation_pack/ant2/final_images/ant2_frame_000182_t0006-072_jpg.rf.1f1bf5ee0305e5595449b9740e90ae9e.jpg,True,182,5,"{""area_max"": 0.09819285714285712, ""area_median"": 0.022585714285714285, ""area_min"": 0.02102857142857143, ""count"": 5, ""height_median"": 0.1766285714285714, ""width_median"": 0.13666666666666666}",700,datasets/ants_v3_annotation_pack/ant2/images/ant2_frame_000182_t0006-072_jpg.rf.1f1bf5ee0305e5595449b9740e90ae9e.jpg,2c575de63f6d7cfc4710cf67f210e319675c4a8fc974193763a4763c41a092ac,600,True,True,False,selected for visual diversity: workers close to/touching queen; multiple adult counts from 3 to 6; brood/food distractors near adult ants; medium and large reference scale,ant2,samples/ant2.mp4,6.072
manual_relabel_required_no_labels_created,medium_bridge_v2_to_ant2,True,True,0b033307076351f9,ant2_fam_03_queen_workers_brood_food,ant2_frame_000203_t0006-773_jpg.rf.4e6ae3f3247bedd2711775f00306d7a9.jpg,datasets/ants_v3_annotation_pack/ant2/final_images/ant2_frame_000203_t0006-773_jpg.rf.4e6ae3f3247bedd2711775f00306d7a9.jpg,True,203,5,"{""area_max"": 0.0800147992857143, ""area_median"": 0.026072262857142856, ""area_min"": 0.0224, ""count"": 5, ""height_median"": 0.16, ""width_median"": 0.18666666666666668}",700,datasets/ants_v3_annotation_pack/ant2/images/ant2_frame_000203_t0006-773_jpg.rf.4e6ae3f3247bedd2711775f00306d7a9.jpg,39359f8cd1c6b04961e2a7efbb189580bf14ccd5830e658b37bd7102cb094109,600,True,True,False,selected for visual diversity: workers close to/touching queen; multiple adult counts from 3 to 6; brood/food distractors near adult ants; medium and large reference scale,ant2,samples/ant2.mp4,6.773
manual_relabel_required_no_labels_created,medium_bridge_v2_to_ant2,True,True,07031307866371f9,ant2_fam_03_queen_workers_brood_food,ant2_frame_000224_t0007-474_jpg.rf.3498aa79a5968f826e1dd63b5a3f0706.jpg,datasets/ants_v3_annotation_pack/ant2/final_images/ant2_frame_000224_t0007-474_jpg.rf.3498aa79a5968f826e1dd63b5a3f0706.jpg,True,224,5,"{""area_max"": 0.07917863833333337, ""area_median"": 0.022500000000000003, ""area_min"": 0.0144, ""count"": 5, ""height_median"": 0.16, ""width_median"": 0.19166666666666668}",700,datasets/ants_v3_annotation_pack/ant2/images/ant2_frame_000224_t0007-474_jpg.rf.3498aa79a5968f826e1dd63b5a3f0706.jpg,11b331f4ba07a0528545612f99e553bed152d9c2bbbc81a0fdd4484bc1ce580d,600,True,True,False,selected for visual diversity: workers close to/touching queen; multiple adult counts from 3 to 6; brood/food distractors near adult ants; medium and large reference scale,ant2,samples/ant2.mp4,7.474
manual_relabel_required_no_labels_created,large_ge_ant2_median,True,True,070733078763f1b9,ant2_fam_03_queen_workers_brood_food,ant2_frame_000238_t0007-941_jpg.rf.8bc910f58d0601d8d118a6ab93504bd3.jpg,datasets/ants_v3_annotation_pack/ant2/final_images/ant2_frame_000238_t0007-941_jpg.rf.8bc910f58d0601d8d118a6ab93504bd3.jpg,True,238,5,"{""area_max"": 0.06290622, ""area_median"": 0.03516190476190476, ""area_min"": 0.018166666666666668, ""count"": 5, ""height_median"": 0.16714285714285715, ""width_median"": 0.22166666666666668}",700,datasets/ants_v3_annotation_pack/ant2/images/ant2_frame_000238_t0007-941_jpg.rf.8bc910f58d0601d8d118a6ab93504bd3.jpg,827364342c21191d25cd75b7f13818bbcac1341555382d7738908512cce8f50c,600,True,True,False,selected for visual diversity: workers close to/touching queen; multiple adult counts from 3 to 6; brood/food distractors near adult ants; medium and large reference scale,ant2,samples/ant2.mp4,7.941
manual_relabel_required_no_labels_created,medium_bridge_v2_to_ant2,True,True,0f07230726e7f278,ant2_fam_03_queen_workers_brood_food,ant2_frame_000245_t0008-174_jpg.rf.432d1f28cda5b99ebf1bb7ac806ef9f5.jpg,datasets/ants_v3_annotation_pack/ant2/final_images/ant2_frame_000245_t0008-174_jpg.rf.432d1f28cda5b99ebf1bb7ac806ef9f5.jpg,True,245,6,"{""area_max"": 0.0777047619047619, ""area_median"": 0.02582261904761905, ""area_min"": 0.01807619047619048, ""count"": 6, ""height_median"": 0.16214285714285714, ""width_median"": 0.1725}",700,datasets/ants_v3_annotation_pack/ant2/images/ant2_frame_000245_t0008-174_jpg.rf.432d1f28cda5b99ebf1bb7ac806ef9f5.jpg,9287be44ab6feb23af0c4dbe0cfa90f9707534af3fcb806f576636c72c43ff33,600,True,True,False,selected for visual diversity: workers close to/touching queen; multiple adult counts from 3 to 6; brood/food distractors near adult ants; medium and large reference scale,ant2,samples/ant2.mp4,8.174
manual_relabel_required_no_labels_created,medium_bridge_v2_to_ant2,True,True,0f0f47174ec7e4f8,ant2_fam_03_queen_workers_brood_food,ant2_frame_000273_t0009-109_jpg.rf.4b1c040decf46efa81e82e021672bd93.jpg,datasets/ants_v3_annotation_pack/ant2/final_images/ant2_frame_000273_t0009-109_jpg.rf.4b1c040decf46efa81e82e021672bd93.jpg,True,273,5,"{""area_max"": 0.030952380952380953, ""area_median"": 0.027414285714285717, ""area_min"": 0.016342857142857145, ""count"": 5, ""height_median"": 0.1442857142857143, ""width_median"": 0.175}",700,datasets/ants_v3_annotation_pack/ant2/images/ant2_frame_000273_t0009-109_jpg.rf.4b1c040decf46efa81e82e021672bd93.jpg,8378a04c60b226a0092fe3df9dd8c7372ea575b6ccc9e8cded7fcce7ec008b60,600,True,True,False,selected for visual diversity: workers close to/touching queen; multiple adult counts from 3 to 6; brood/food distractors near adult ants; medium and large reference scale,ant2,samples/ant2.mp4,9.109
manual_relabel_required_no_labels_created,large_ge_ant2_median,True,True,070723070667f3f8,ant2_fam_04_glare_workers,ant2_frame_000294_t0009-809_jpg.rf.5e3a3faae93421c7cba0bb4dac921fa9.jpg,datasets/ants_v3_annotation_pack/ant2/final_images/ant2_frame_000294_t0009-809_jpg.rf.5e3a3faae93421c7cba0bb4dac921fa9.jpg,True,294,5,"{""area_max"": 0.0805239, ""area_median"": 0.03302619047619047, ""area_min"": 0.010266666666666667, ""count"": 5, ""height_median"": 0.2052, ""width_median"": 0.15666666666666668}",700,datasets/ants_v3_annotation_pack/ant2/images/ant2_frame_000294_t0009-809_jpg.rf.5e3a3faae93421c7cba0bb4dac921fa9.jpg,cd67180e55a22ece993cd3ab88d955a91e34eda87cffc81aa0d2bb69f6152a0c,600,True,True,False,selected for visual diversity: strong local glare/reflections; workers separated from queen area; transition away from brood-heavy region,ant2,samples/ant2.mp4,9.809
manual_relabel_required_no_labels_created,large_ge_ant2_median,False,True,070722078667f3f8,ant2_fam_04_glare_workers,ant2_frame_000301_t0010-043_jpg.rf.e69be6b35f337a3951b808082e104bf2.jpg,datasets/ants_v3_annotation_pack/ant2/final_images/ant2_frame_000301_t0010-043_jpg.rf.e69be6b35f337a3951b808082e104bf2.jpg,False,301,4,"{""area_max"": 0.04546666666666667, ""area_median"": 0.036533333333333334, ""area_min"": 0.009942857142857142, ""count"": 4, ""height_median"": 0.2114285714285714, ""width_median"": 0.1725}",700,datasets/ants_v3_annotation_pack/ant2/images/ant2_frame_000301_t0010-043_jpg.rf.e69be6b35f337a3951b808082e104bf2.jpg,9d6a67d4b0f0de3e3b6ef76a91cd0b51226150a5f34a7b5aa146f3288fbbb305,600,True,False,True,selected for visual diversity: strong local glare/reflections; workers separated from queen area; transition away from brood-heavy region,ant2,samples/ant2.mp4,10.043
manual_relabel_required_no_labels_created,large_ge_ant2_median,False,True,030333078763f1b9,ant2_fam_04_glare_workers,ant2_frame_000315_t0010-510_jpg.rf.23653084add308d50951ab748e0b782c.jpg,datasets/ants_v3_annotation_pack/ant2/final_images/ant2_frame_000315_t0010-510_jpg.rf.23653084add308d50951ab748e0b782c.jpg,False,315,5,"{""area_max"": 0.09662857142857142, ""area_median"": 0.03, ""area_min"": 0.0143, ""count"": 5, ""height_median"": 0.15714285714285714, ""width_median"": 0.18}",700,datasets/ants_v3_annotation_pack/ant2/images/ant2_frame_000315_t0010-510_jpg.rf.23653084add308d50951ab748e0b782c.jpg,9718e20bb760cb1afb0c3067039fb9ba789fd2cf897144c5f0b5a2400e49aa04,600,True,False,True,selected for visual diversity: strong local glare/reflections; workers separated from queen area; transition away from brood-heavy region,ant2,samples/ant2.mp4,10.51
manual_relabel_required_no_labels_created,large_ge_ant2_median,False,True,038313070723d1bc,ant2_fam_04_glare_workers,ant2_frame_000329_t0010-977_jpg.rf.44a724eba8384e947c7e1bb4808f2f91.jpg,datasets/ants_v3_annotation_pack/ant2/final_images/ant2_frame_000329_t0010-977_jpg.rf.44a724eba8384e947c7e1bb4808f2f91.jpg,False,329,5,"{""area_max"": 0.08111190476190476, ""area_median"": 0.035333333333333335, ""area_min"": 0.017904761904761906, ""count"": 5, ""height_median"": 0.2, ""width_median"": 0.17}",700,datasets/ants_v3_annotation_pack/ant2/images/ant2_frame_000329_t0010-977_jpg.rf.44a724eba8384e947c7e1bb4808f2f91.jpg,d0abb73e8e8317a37f26923a31628d54d3b6e6393d56a71e6d9be36bf34268b4,600,True,False,True,selected for visual diversity: strong local glare/reflections; workers separated from queen area; transition away from brood-heavy region,ant2,samples/ant2.mp4,10.977
manual_relabel_required_no_labels_created,medium_bridge_v2_to_ant2,False,True,838313073623d8fc,ant2_fam_04_glare_workers,ant2_frame_000350_t0011-678_jpg.rf.ede1e027d3016584084111ed00c40dab.jpg,datasets/ants_v3_annotation_pack/ant2/final_images/ant2_frame_000350_t0011-678_jpg.rf.ede1e027d3016584084111ed00c40dab.jpg,False,350,5,"{""area_max"": 0.09342857142857142, ""area_median"": 0.020035714285714285, ""area_min"": 0.019066666666666666, ""count"": 5, ""height_median"": 0.14857142857142858, ""width_median"": 0.145}",700,datasets/ants_v3_annotation_pack/ant2/images/ant2_frame_000350_t0011-678_jpg.rf.ede1e027d3016584084111ed00c40dab.jpg,3985f40ffe4d65824f2d9de8ad54361052b1566eab7905c5cdd23cd51427aa4c,600,True,False,True,selected for visual diversity: strong local glare/reflections; workers separated from queen area; transition away from brood-heavy region,ant2,samples/ant2.mp4,11.678
manual_relabel_required_no_labels_created,medium_bridge_v2_to_ant2,False,True,03032307272399dc,ant2_fam_04_glare_workers,ant2_frame_000364_t0012-145_jpg.rf.bc1608cb7027dfd577c0407c5c6d8548.jpg,datasets/ants_v3_annotation_pack/ant2/final_images/ant2_frame_000364_t0012-145_jpg.rf.bc1608cb7027dfd577c0407c5c6d8548.jpg,False,364,4,"{""area_max"": 0.10086904761904762, ""area_median"": 0.021875, ""area_min"": 0.013907142857142858, ""count"": 4, ""height_median"": 0.14214285714285713, ""width_median"": 0.16999999999999998}",700,datasets/ants_v3_annotation_pack/ant2/images/ant2_frame_000364_t0012-145_jpg.rf.bc1608cb7027dfd577c0407c5c6d8548.jpg,dfd208ff34d7fb79540c9390f815ffee49b94817f793ed19c73fd4bbf748dc35,600,True,False,True,selected for visual diversity: strong local glare/reflections; workers separated from queen area; transition away from brood-heavy region,ant2,samples/ant2.mp4,12.145
manual_relabel_required_no_labels_created,large_ge_ant2_median,False,True,032303876663b9bc,ant2_fam_05_late_reflection_edge,ant2_frame_000392_t0013-079_jpg.rf.55a39f21c6487873eb5d364976564ed6.jpg,datasets/ants_v3_annotation_pack/ant2/final_images/ant2_frame_000392_t0013-079_jpg.rf.55a39f21c6487873eb5d364976564ed6.jpg,False,392,4,"{""area_max"": 0.10593333333333335, ""area_median"": 0.03481297321428571, ""area_min"": 0.016166666666666666, ""count"": 4, ""height_median"": 0.20194285714285712, ""width_median"": 0.18916666666666665}",700,datasets/ants_v3_annotation_pack/ant2/images/ant2_frame_000392_t0013-079_jpg.rf.55a39f21c6487873eb5d364976564ed6.jpg,01f0098006e07de042ba1c2901d80d835939f1ef9ed0fa02bf408f82422520e4,600,True,False,True,selected for visual diversity: late queen/worker positions; strongest large-box reference frame; edge/reflection distractor coverage,ant2,samples/ant2.mp4,13.079
manual_relabel_required_no_labels_created,large_ge_ant2_median,False,True,030323872663b99c,ant2_fam_05_late_reflection_edge,ant2_frame_000413_t0013-780_jpg.rf.a4ae5e62bbec2da9c5d013f2ce979dbc.jpg,datasets/ants_v3_annotation_pack/ant2/final_images/ant2_frame_000413_t0013-780_jpg.rf.a4ae5e62bbec2da9c5d013f2ce979dbc.jpg,False,413,4,"{""area_max"": 0.10281666666666668, ""area_median"": 0.0565223957142857, ""area_min"": 0.019399999999999997, ""count"": 4, ""height_median"": 0.21617142857142857, ""width_median"": 0.25742499999999996}",700,datasets/ants_v3_annotation_pack/ant2/images/ant2_frame_000413_t0013-780_jpg.rf.a4ae5e62bbec2da9c5d013f2ce979dbc.jpg,32a12220f9319a279a7e463539e6925a06ad64d28dcdac834de6a2cc4a8e72fa,600,True,False,True,selected for visual diversity: late queen/worker positions; strongest large-box reference frame; edge/reflection distractor coverage,ant2,samples/ant2.mp4,13.78
manual_relabel_required_no_labels_created,large_ge_ant2_median,False,True,030333072663b9dc,ant2_fam_05_late_reflection_edge,ant2_frame_000427_t0014-247_jpg.rf.5e24f7e93d62f2e9b844be1d8b325e17.jpg,datasets/ants_v3_annotation_pack/ant2/final_images/ant2_frame_000427_t0014-247_jpg.rf.5e24f7e93d62f2e9b844be1d8b325e17.jpg,False,427,4,"{""area_max"": 0.09495, ""area_median"": 0.03855638035714286, ""area_min"": 0.021738095238095237, ""count"": 4, ""height_median"": 0.18649285714285718, ""width_median"": 0.21666666666666667}",700,datasets/ants_v3_annotation_pack/ant2/images/ant2_frame_000427_t0014-247_jpg.rf.5e24f7e93d62f2e9b844be1d8b325e17.jpg,11a0a1d1e3f8182d91b706059ac818b82b5f94dd47f921ae3d0a1f9a75a8973b,600,True,False,True,selected for visual diversity: late queen/worker positions; strongest large-box reference frame; edge/reflection distractor coverage,ant2,samples/ant2.mp4,14.247
manual_relabel_required_no_labels_created,medium_bridge_v2_to_ant2,False,True,072733176663b19c,ant2_fam_05_late_reflection_edge,ant2_frame_000448_t0014-948_jpg.rf.3241a34f56a26f90002f899a36206737.jpg,datasets/ants_v3_annotation_pack/ant2/final_images/ant2_frame_000448_t0014-948_jpg.rf.3241a34f56a26f90002f899a36206737.jpg,False,448,3,"{""area_max"": 0.09675, ""area_median"": 0.028224761904761916, ""area_min"": 0.025654702857142844, ""count"": 3, ""height_median"": 0.13765714285714287, ""width_median"": 0.24696666666666658}",700,datasets/ants_v3_annotation_pack/ant2/images/ant2_frame_000448_t0014-948_jpg.rf.3241a34f56a26f90002f899a36206737.jpg,3d8a3a72a9997a2d419cf279ddf30a150f666663c1e1a0d57249493b921fc384,600,True,False,True,selected for visual diversity: late queen/worker positions; strongest large-box reference frame; edge/reflection distractor coverage,ant2,samples/ant2.mp4,14.948
manual_relabel_required_no_labels_created,large_ge_ant2_median,False,True,070723072663b1dc,ant2_fam_05_late_reflection_edge,ant2_frame_000469_t0015-648_jpg.rf.bd623f91d6aa6a2a6443756d0a1f2bf3.jpg,datasets/ants_v3_annotation_pack/ant2/final_images/ant2_frame_000469_t0015-648_jpg.rf.bd623f91d6aa6a2a6443756d0a1f2bf3.jpg,False,469,4,"{""area_max"": 0.09822857142857143, ""area_median"": 0.03492781285714286, ""area_min"": 0.025478571428571427, ""count"": 4, ""height_median"": 0.16097142857142854, ""width_median"": 0.25083333333333335}",700,datasets/ants_v3_annotation_pack/ant2/images/ant2_frame_000469_t0015-648_jpg.rf.bd623f91d6aa6a2a6443756d0a1f2bf3.jpg,09aa68930ac3e604b38600fc3b8f72f22f5a3caef7bca483cbe11d7384a0a0bc,600,True,False,True,selected for visual diversity: late queen/worker positions; strongest large-box reference frame; edge/reflection distractor coverage,ant2,samples/ant2.mp4,15.648
