annotation_policy,bbox_scale_category_from_historical_reference,context_tags,design_existing_annotation_count_reference_only,frame_index,historical_bbox_stats_reference_only,historical_label_sha256_reference_only,image_height,image_path,image_sha256,image_width,metadata_only_notice,pack_filename,parsed_yolo_bbox_rows_from_historical_label_reference_only,selection_reason,source,source_image_path_reference_only,source_label_path_reference_only,source_video,timestamp_seconds
"{""adult_ant_positive"": [""queen"", ""worker"", ""major"", ""minor"", ""replete""], ""box_policy"": ""one physical adult ant = one tight visible body box around head + thorax + abdomen; no intentional leg/antenna-tip padding; overlapping boxes allowed"", ""class_mapping"": {""0"": ""ant""}, ""forbidden"": [""training"", ""pseudo-labeling"", ""copying historical ant2 labels as new FormicAI ground truth"", ""remapping AntsNet labels automatically"", ""declaring hard negatives before full-resolution human zero-ant verification""], ""not_ant"": [""brood"", ""food"", ""cotton"", ""substrate"", ""reflection""]}",large_ge_ant2_median_reference_from_design,"[""ant2"", ""container_context"", ""cotton_context"", ""large_workers"", ""own_colony"", ""queen_large"", ""substrate_context"", ""tight_relabel_required""]",4,0,"{""area_max"": null, ""area_median"": null, ""area_min"": null, ""count"": 0, ""height_median"": null, ""width_median"": null}",d68e582a519ba01f92e81c18292877dc900d136df6cfe9c3848cf74669b1b6ee,700,datasets/ants_v3_annotation_pack/ant2/images/ant2_frame_000000_t0000-000_jpg.rf.6a638ed7ff141c5a131c28a222ae0f44.jpg,76258cfdc10ddd81c3db028a9727828bc4fdd56bcff9781a02d4f2162968504e,600,Historical ant2 labels are reference metadata only and were not copied as FormicAI v3 ground truth.,ant2_frame_000000_t0000-000_jpg.rf.6a638ed7ff141c5a131c28a222ae0f44.jpg,0,"[""temporal coverage"", ""own-colony close-up scale"", ""queen/large worker scale""]",ant2,exported_dataset/train/images/ant2_frame_000000_t0000-000_jpg.rf.6a638ed7ff141c5a131c28a222ae0f44.jpg,exported_dataset/train/labels/ant2_frame_000000_t0000-000_jpg.rf.6a638ed7ff141c5a131c28a222ae0f44.txt,samples/ant2.mp4,0.0
"{""adult_ant_positive"": [""queen"", ""worker"", ""major"", ""minor"", ""replete""], ""box_policy"": ""one physical adult ant = one tight visible body box around head + thorax + abdomen; no intentional leg/antenna-tip padding; overlapping boxes allowed"", ""class_mapping"": {""0"": ""ant""}, ""forbidden"": [""training"", ""pseudo-labeling"", ""copying historical ant2 labels as new FormicAI ground truth"", ""remapping AntsNet labels automatically"", ""declaring hard negatives before full-resolution human zero-ant verification""], ""not_ant"": [""brood"", ""food"", ""cotton"", ""substrate"", ""reflection""]}",large_ge_ant2_median_reference_from_design,"[""ant2"", ""container_context"", ""cotton_context"", ""large_workers"", ""multiple_adult_ants"", ""own_colony"", ""queen_large"", ""substrate_context"", ""tight_relabel_required""]",5,14,"{""area_max"": null, ""area_median"": null, ""area_min"": null, ""count"": 0, ""height_median"": null, ""width_median"": null}",81fc0fda3ac02dbbc8b3718b6416f841d96a79343d40722e96b04b9dab2d4237,700,datasets/ants_v3_annotation_pack/ant2/images/ant2_frame_000014_t0000-467_jpg.rf.3c6b865d00726160687fc9fa9503bbec.jpg,8c9596fe1b7ef5444a3d22e8da1759a3086eab1f348a115145425d42f100d57f,600,Historical ant2 labels are reference metadata only and were not copied as FormicAI v3 ground truth.,ant2_frame_000014_t0000-467_jpg.rf.3c6b865d00726160687fc9fa9503bbec.jpg,0,"[""temporal coverage"", ""own-colony close-up scale"", ""queen/large worker scale"", ""multiple visible ants""]",ant2,exported_dataset/train/images/ant2_frame_000014_t0000-467_jpg.rf.3c6b865d00726160687fc9fa9503bbec.jpg,exported_dataset/train/labels/ant2_frame_000014_t0000-467_jpg.rf.3c6b865d00726160687fc9fa9503bbec.txt,samples/ant2.mp4,0.467
"{""adult_ant_positive"": [""queen"", ""worker"", ""major"", ""minor"", ""replete""], ""box_policy"": ""one physical adult ant = one tight visible body box around head + thorax + abdomen; no intentional leg/antenna-tip padding; overlapping boxes allowed"", ""class_mapping"": {""0"": ""ant""}, ""forbidden"": [""training"", ""pseudo-labeling"", ""copying historical ant2 labels as new FormicAI ground truth"", ""remapping AntsNet labels automatically"", ""declaring hard negatives before full-resolution human zero-ant verification""], ""not_ant"": [""brood"", ""food"", ""cotton"", ""substrate"", ""reflection""]}",large_ge_ant2_median_reference_from_design,"[""ant2"", ""container_context"", ""cotton_context"", ""large_workers"", ""multiple_adult_ants"", ""own_colony"", ""queen_large"", ""substrate_context"", ""tight_relabel_required""]",5,21,"{""area_max"": null, ""area_median"": null, ""area_min"": null, ""count"": 0, ""height_median"": null, ""width_median"": null}",86b0c9bbffebb6ede2d1cb3a41e59f7ec22a0b6cbb2ee19d34fcef410edecb7e,700,datasets/ants_v3_annotation_pack/ant2/images/ant2_frame_000021_t0000-701_jpg.rf.66f848fdc841c4468c97684a14a0092d.jpg,fddc4b110ba9d3d5a90911514b2acbb41016aea437ef3f6bfc709948a3d9ac97,600,Historical ant2 labels are reference metadata only and were not copied as FormicAI v3 ground truth.,ant2_frame_000021_t0000-701_jpg.rf.66f848fdc841c4468c97684a14a0092d.jpg,0,"[""temporal coverage"", ""own-colony close-up scale"", ""queen/large worker scale"", ""multiple visible ants""]",ant2,exported_dataset/valid/images/ant2_frame_000021_t0000-701_jpg.rf.66f848fdc841c4468c97684a14a0092d.jpg,exported_dataset/valid/labels/ant2_frame_000021_t0000-701_jpg.rf.66f848fdc841c4468c97684a14a0092d.txt,samples/ant2.mp4,0.701
"{""adult_ant_positive"": [""queen"", ""worker"", ""major"", ""minor"", ""replete""], ""box_policy"": ""one physical adult ant = one tight visible body box around head + thorax + abdomen; no intentional leg/antenna-tip padding; overlapping boxes allowed"", ""class_mapping"": {""0"": ""ant""}, ""forbidden"": [""training"", ""pseudo-labeling"", ""copying historical ant2 labels as new FormicAI ground truth"", ""remapping AntsNet labels automatically"", ""declaring hard negatives before full-resolution human zero-ant verification""], ""not_ant"": [""brood"", ""food"", ""cotton"", ""substrate"", ""reflection""]}",large_ge_ant2_median_reference_from_design,"[""ant2"", ""container_context"", ""cotton_context"", ""large_workers"", ""own_colony"", ""queen_large"", ""substrate_context"", ""tight_relabel_required""]",4,35,"{""area_max"": null, ""area_median"": null, ""area_min"": null, ""count"": 0, ""height_median"": null, ""width_median"": null}",92238597e01beb8cc7947cbc902ce46725bae3c02ce83e4a92682bc6bbb27454,700,datasets/ants_v3_annotation_pack/ant2/images/ant2_frame_000035_t0001-168_jpg.rf.ee6ea1d4bf4969594480c4a0b9cf155c.jpg,66d63b35cc4bee66dc1900bb00b5d4f58975c720d8b8f567e631edf921cdbaca,600,Historical ant2 labels are reference metadata only and were not copied as FormicAI v3 ground truth.,ant2_frame_000035_t0001-168_jpg.rf.ee6ea1d4bf4969594480c4a0b9cf155c.jpg,0,"[""temporal coverage"", ""own-colony close-up scale"", ""queen/large worker scale""]",ant2,exported_dataset/train/images/ant2_frame_000035_t0001-168_jpg.rf.ee6ea1d4bf4969594480c4a0b9cf155c.jpg,exported_dataset/train/labels/ant2_frame_000035_t0001-168_jpg.rf.ee6ea1d4bf4969594480c4a0b9cf155c.txt,samples/ant2.mp4,1.168
"{""adult_ant_positive"": [""queen"", ""worker"", ""major"", ""minor"", ""replete""], ""box_policy"": ""one physical adult ant = one tight visible body box around head + thorax + abdomen; no intentional leg/antenna-tip padding; overlapping boxes allowed"", ""class_mapping"": {""0"": ""ant""}, ""forbidden"": [""training"", ""pseudo-labeling"", ""copying historical ant2 labels as new FormicAI ground truth"", ""remapping AntsNet labels automatically"", ""declaring hard negatives before full-resolution human zero-ant verification""], ""not_ant"": [""brood"", ""food"", ""cotton"", ""substrate"", ""reflection""]}",large_ge_ant2_median_reference_from_design,"[""ant2"", ""container_context"", ""cotton_context"", ""large_workers"", ""multiple_adult_ants"", ""own_colony"", ""queen_large"", ""substrate_context"", ""tight_relabel_required""]",5,42,"{""area_max"": null, ""area_median"": null, ""area_min"": null, ""count"": 0, ""height_median"": null, ""width_median"": null}",8324cf837095a8495c4d5da6c6eeef0cb2908482de212b0e4db762aa99682a62,700,datasets/ants_v3_annotation_pack/ant2/images/ant2_frame_000042_t0001-401_jpg.rf.a36b5834a343fae7c6de92229d4dd626.jpg,5f7119eee7dce344d476e5fc462c9c34eeba398cd3c73c7c6958926931db91e8,600,Historical ant2 labels are reference metadata only and were not copied as FormicAI v3 ground truth.,ant2_frame_000042_t0001-401_jpg.rf.a36b5834a343fae7c6de92229d4dd626.jpg,0,"[""temporal coverage"", ""own-colony close-up scale"", ""queen/large worker scale"", ""multiple visible ants""]",ant2,exported_dataset/train/images/ant2_frame_000042_t0001-401_jpg.rf.a36b5834a343fae7c6de92229d4dd626.jpg,exported_dataset/train/labels/ant2_frame_000042_t0001-401_jpg.rf.a36b5834a343fae7c6de92229d4dd626.txt,samples/ant2.mp4,1.401
"{""adult_ant_positive"": [""queen"", ""worker"", ""major"", ""minor"", ""replete""], ""box_policy"": ""one physical adult ant = one tight visible body box around head + thorax + abdomen; no intentional leg/antenna-tip padding; overlapping boxes allowed"", ""class_mapping"": {""0"": ""ant""}, ""forbidden"": [""training"", ""pseudo-labeling"", ""copying historical ant2 labels as new FormicAI ground truth"", ""remapping AntsNet labels automatically"", ""declaring hard negatives before full-resolution human zero-ant verification""], ""not_ant"": [""brood"", ""food"", ""cotton"", ""substrate"", ""reflection""]}",medium_bridge_v2_to_ant2,"[""ant2"", ""container_context"", ""cotton_context"", ""large_workers"", ""own_colony"", ""queen_large"", ""substrate_context"", ""tight_relabel_required""]",4,56,"{""area_max"": 0.09462857142857142, ""area_median"": 0.027988095238095236, ""area_min"": 0.016295238095238095, ""count"": 4, ""height_median"": 0.13214285714285715, ""width_median"": 0.21250000000000002}",c684dc01733b0cdf3952dc7b07c50559555432bbce172087ea812e411bd78f8e,700,datasets/ants_v3_annotation_pack/ant2/images/ant2_frame_000056_t0001-868_jpg.rf.1cbf90fa3fcd5c8f127389875fbad6c4.jpg,2c60c8c57e6eba57746e0a62d58832842294e2652d6c6586ff8dcc3be9bc05a3,600,Historical ant2 labels are reference metadata only and were not copied as FormicAI v3 ground truth.,ant2_frame_000056_t0001-868_jpg.rf.1cbf90fa3fcd5c8f127389875fbad6c4.jpg,4,"[""temporal coverage"", ""own-colony close-up scale"", ""queen/large worker scale""]",ant2,exported_dataset/train/images/ant2_frame_000056_t0001-868_jpg.rf.1cbf90fa3fcd5c8f127389875fbad6c4.jpg,exported_dataset/train/labels/ant2_frame_000056_t0001-868_jpg.rf.1cbf90fa3fcd5c8f127389875fbad6c4.txt,samples/ant2.mp4,1.868
"{""adult_ant_positive"": [""queen"", ""worker"", ""major"", ""minor"", ""replete""], ""box_policy"": ""one physical adult ant = one tight visible body box around head + thorax + abdomen; no intentional leg/antenna-tip padding; overlapping boxes allowed"", ""class_mapping"": {""0"": ""ant""}, ""forbidden"": [""training"", ""pseudo-labeling"", ""copying historical ant2 labels as new FormicAI ground truth"", ""remapping AntsNet labels automatically"", ""declaring hard negatives before full-resolution human zero-ant verification""], ""not_ant"": [""brood"", ""food"", ""cotton"", ""substrate"", ""reflection""]}",medium_bridge_v2_to_ant2,"[""ant2"", ""container_context"", ""cotton_context"", ""large_workers"", ""own_colony"", ""queen_large"", ""substrate_context"", ""tight_relabel_required""]",4,70,"{""area_max"": 0.03918809523809524, ""area_median"": 0.026995238095238093, ""area_min"": 0.020780952380952372, ""count"": 4, ""height_median"": 0.14785714285714285, ""width_median"": 0.21833333333333332}",33d45ce8c811d39879bc0dac9827bd19fad486d0893573bc73fa8a949cf7044a,700,datasets/ants_v3_annotation_pack/ant2/images/ant2_frame_000070_t0002-336_jpg.rf.a88dc47647063e77374898fb2970caa1.jpg,5d9033d6ec4e36f9b83f697b4eb450314f62e72716c2747fc303d7141358be4a,600,Historical ant2 labels are reference metadata only and were not copied as FormicAI v3 ground truth.,ant2_frame_000070_t0002-336_jpg.rf.a88dc47647063e77374898fb2970caa1.jpg,4,"[""temporal coverage"", ""own-colony close-up scale"", ""queen/large worker scale""]",ant2,exported_dataset/valid/images/ant2_frame_000070_t0002-336_jpg.rf.a88dc47647063e77374898fb2970caa1.jpg,exported_dataset/valid/labels/ant2_frame_000070_t0002-336_jpg.rf.a88dc47647063e77374898fb2970caa1.txt,samples/ant2.mp4,2.336
"{""adult_ant_positive"": [""queen"", ""worker"", ""major"", ""minor"", ""replete""], ""box_policy"": ""one physical adult ant = one tight visible body box around head + thorax + abdomen; no intentional leg/antenna-tip padding; overlapping boxes allowed"", ""class_mapping"": {""0"": ""ant""}, ""forbidden"": [""training"", ""pseudo-labeling"", ""copying historical ant2 labels as new FormicAI ground truth"", ""remapping AntsNet labels automatically"", ""declaring hard negatives before full-resolution human zero-ant verification""], ""not_ant"": [""brood"", ""food"", ""cotton"", ""substrate"", ""reflection""]}",medium_bridge_v2_to_ant2,"[""ant2"", ""container_context"", ""cotton_context"", ""large_workers"", ""own_colony"", ""queen_large"", ""substrate_context"", ""tight_relabel_required""]",4,77,"{""area_max"": 0.09855, ""area_median"": 0.025107142857142856, ""area_min"": 0.0196, ""count"": 4, ""height_median"": 0.12714285714285714, ""width_median"": 0.1975}",fc8b31d1e646699c2226c7170417078d77f49655d54b1a6decbe9141d5dc34b7,700,datasets/ants_v3_annotation_pack/ant2/images/ant2_frame_000077_t0002-569_jpg.rf.7b2f20ff6a5212929d96537e27b81523.jpg,fd5baf580b339b019cdf03f2f3c580d58b36261f31146b1ebd8d6887303cb01b,600,Historical ant2 labels are reference metadata only and were not copied as FormicAI v3 ground truth.,ant2_frame_000077_t0002-569_jpg.rf.7b2f20ff6a5212929d96537e27b81523.jpg,4,"[""temporal coverage"", ""own-colony close-up scale"", ""queen/large worker scale""]",ant2,exported_dataset/train/images/ant2_frame_000077_t0002-569_jpg.rf.7b2f20ff6a5212929d96537e27b81523.jpg,exported_dataset/train/labels/ant2_frame_000077_t0002-569_jpg.rf.7b2f20ff6a5212929d96537e27b81523.txt,samples/ant2.mp4,2.569
"{""adult_ant_positive"": [""queen"", ""worker"", ""major"", ""minor"", ""replete""], ""box_policy"": ""one physical adult ant = one tight visible body box around head + thorax + abdomen; no intentional leg/antenna-tip padding; overlapping boxes allowed"", ""class_mapping"": {""0"": ""ant""}, ""forbidden"": [""training"", ""pseudo-labeling"", ""copying historical ant2 labels as new FormicAI ground truth"", ""remapping AntsNet labels automatically"", ""declaring hard negatives before full-resolution human zero-ant verification""], ""not_ant"": [""brood"", ""food"", ""cotton"", ""substrate"", ""reflection""]}",large_ge_ant2_median,"[""ant2"", ""container_context"", ""cotton_context"", ""large_workers"", ""own_colony"", ""queen_large"", ""substrate_context"", ""tight_relabel_required""]",4,91,"{""area_max"": 0.05726694214285715, ""area_median"": 0.0341047619047619, ""area_min"": 0.024733333333333336, ""count"": 4, ""height_median"": 0.14077857142857148, ""width_median"": 0.20833333333333331}",0c4003b7979d3e103ad13304d56b29d776054779d1926b5b55782ca9214fbe72,700,datasets/ants_v3_annotation_pack/ant2/images/ant2_frame_000091_t0003-036_jpg.rf.44cd5d3798ae8d537b116d49fac4f52e.jpg,d51fe0e2e7c6a19d5d57514376047e832be91da2e0528c988723b92c6eebc9d5,600,Historical ant2 labels are reference metadata only and were not copied as FormicAI v3 ground truth.,ant2_frame_000091_t0003-036_jpg.rf.44cd5d3798ae8d537b116d49fac4f52e.jpg,4,"[""temporal coverage"", ""own-colony close-up scale"", ""queen/large worker scale""]",ant2,exported_dataset/train/images/ant2_frame_000091_t0003-036_jpg.rf.44cd5d3798ae8d537b116d49fac4f52e.jpg,exported_dataset/train/labels/ant2_frame_000091_t0003-036_jpg.rf.44cd5d3798ae8d537b116d49fac4f52e.txt,samples/ant2.mp4,3.036
"{""adult_ant_positive"": [""queen"", ""worker"", ""major"", ""minor"", ""replete""], ""box_policy"": ""one physical adult ant = one tight visible body box around head + thorax + abdomen; no intentional leg/antenna-tip padding; overlapping boxes allowed"", ""class_mapping"": {""0"": ""ant""}, ""forbidden"": [""training"", ""pseudo-labeling"", ""copying historical ant2 labels as new FormicAI ground truth"", ""remapping AntsNet labels automatically"", ""declaring hard negatives before full-resolution human zero-ant verification""], ""not_ant"": [""brood"", ""food"", ""cotton"", ""substrate"", ""reflection""]}",medium_bridge_v2_to_ant2,"[""ant2"", ""container_context"", ""cotton_context"", ""large_workers"", ""own_colony"", ""queen_large"", ""substrate_context"", ""tight_relabel_required""]",4,98,"{""area_max"": 0.08723921095238099, ""area_median"": 0.02837778238095238, ""area_min"": 0.025333333333333333, ""count"": 4, ""height_median"": 0.16480714285714287, ""width_median"": 0.1972}",a40a6037bf2301e00812ad3a1bf1fc304ef4d1300a0d4e2a93db05cac682809c,700,datasets/ants_v3_annotation_pack/ant2/images/ant2_frame_000098_t0003-270_jpg.rf.68fc599f9ff29d6d0d6693b597aac668.jpg,9782db2b2cfa6acfac0df36896b2a4e0bc304ac96f6179c6fdb9bc8a7cfec942,600,Historical ant2 labels are reference metadata only and were not copied as FormicAI v3 ground truth.,ant2_frame_000098_t0003-270_jpg.rf.68fc599f9ff29d6d0d6693b597aac668.jpg,4,"[""temporal coverage"", ""own-colony close-up scale"", ""queen/large worker scale""]",ant2,exported_dataset/train/images/ant2_frame_000098_t0003-270_jpg.rf.68fc599f9ff29d6d0d6693b597aac668.jpg,exported_dataset/train/labels/ant2_frame_000098_t0003-270_jpg.rf.68fc599f9ff29d6d0d6693b597aac668.txt,samples/ant2.mp4,3.27
"{""adult_ant_positive"": [""queen"", ""worker"", ""major"", ""minor"", ""replete""], ""box_policy"": ""one physical adult ant = one tight visible body box around head + thorax + abdomen; no intentional leg/antenna-tip padding; overlapping boxes allowed"", ""class_mapping"": {""0"": ""ant""}, ""forbidden"": [""training"", ""pseudo-labeling"", ""copying historical ant2 labels as new FormicAI ground truth"", ""remapping AntsNet labels automatically"", ""declaring hard negatives before full-resolution human zero-ant verification""], ""not_ant"": [""brood"", ""food"", ""cotton"", ""substrate"", ""reflection""]}",large_ge_ant2_median,"[""ant2"", ""container_context"", ""cotton_context"", ""large_workers"", ""own_colony"", ""queen_large"", ""substrate_context"", ""tight_relabel_required""]",4,112,"{""area_max"": 0.11017142857142857, ""area_median"": 0.03172538571428572, ""area_min"": 0.022585714285714285, ""count"": 4, ""height_median"": 0.1506428571428572, ""width_median"": 0.2106}",8b7970ce6a8ce5a79c749944bc9eb6f5b3ff21bc3504d59e5b6cce64c64c4279,700,datasets/ants_v3_annotation_pack/ant2/images/ant2_frame_000112_t0003-737_jpg.rf.adae2bf15862175313b8974d592d2459.jpg,e54b4d3d33ff08dcfea9c6501e3e1b65ca7f4df45bf836441b6d6e59ec82ebf4,600,Historical ant2 labels are reference metadata only and were not copied as FormicAI v3 ground truth.,ant2_frame_000112_t0003-737_jpg.rf.adae2bf15862175313b8974d592d2459.jpg,4,"[""temporal coverage"", ""own-colony close-up scale"", ""queen/large worker scale""]",ant2,exported_dataset/train/images/ant2_frame_000112_t0003-737_jpg.rf.adae2bf15862175313b8974d592d2459.jpg,exported_dataset/train/labels/ant2_frame_000112_t0003-737_jpg.rf.adae2bf15862175313b8974d592d2459.txt,samples/ant2.mp4,3.737
"{""adult_ant_positive"": [""queen"", ""worker"", ""major"", ""minor"", ""replete""], ""box_policy"": ""one physical adult ant = one tight visible body box around head + thorax + abdomen; no intentional leg/antenna-tip padding; overlapping boxes allowed"", ""class_mapping"": {""0"": ""ant""}, ""forbidden"": [""training"", ""pseudo-labeling"", ""copying historical ant2 labels as new FormicAI ground truth"", ""remapping AntsNet labels automatically"", ""declaring hard negatives before full-resolution human zero-ant verification""], ""not_ant"": [""brood"", ""food"", ""cotton"", ""substrate"", ""reflection""]}",medium_bridge_v2_to_ant2,"[""ant2"", ""brood_context"", ""container_context"", ""cotton_context"", ""food_context"", ""large_workers"", ""own_colony"", ""queen_large"", ""substrate_context"", ""tight_relabel_required"", ""workers_near_touching_queen""]",3,126,"{""area_max"": 0.02935238095238095, ""area_median"": 0.028183333333333335, ""area_min"": 0.018852380952380954, ""count"": 3, ""height_median"": 0.13142857142857142, ""width_median"": 0.17833333333333334}",e37cbe79f8a5d33015a55f7809e8a69465486fcb46d173336d1d19f9c27ab111,700,datasets/ants_v3_annotation_pack/ant2/images/ant2_frame_000126_t0004-204_jpg.rf.6b8da0815be50475e796ed91ea025b24.jpg,f435c3d5a43854cc9f20e3d7882f8c0b4cffe2cc63616e815b19bc7fd76bfbc0,600,Historical ant2 labels are reference metadata only and were not copied as FormicAI v3 ground truth.,ant2_frame_000126_t0004-204_jpg.rf.6b8da0815be50475e796ed91ea025b24.jpg,3,"[""temporal coverage"", ""own-colony close-up scale"", ""workers near queen and brood/food distractors""]",ant2,exported_dataset/train/images/ant2_frame_000126_t0004-204_jpg.rf.6b8da0815be50475e796ed91ea025b24.jpg,exported_dataset/train/labels/ant2_frame_000126_t0004-204_jpg.rf.6b8da0815be50475e796ed91ea025b24.txt,samples/ant2.mp4,4.204
"{""adult_ant_positive"": [""queen"", ""worker"", ""major"", ""minor"", ""replete""], ""box_policy"": ""one physical adult ant = one tight visible body box around head + thorax + abdomen; no intentional leg/antenna-tip padding; overlapping boxes allowed"", ""class_mapping"": {""0"": ""ant""}, ""forbidden"": [""training"", ""pseudo-labeling"", ""copying historical ant2 labels as new FormicAI ground truth"", ""remapping AntsNet labels automatically"", ""declaring hard negatives before full-resolution human zero-ant verification""], ""not_ant"": [""brood"", ""food"", ""cotton"", ""substrate"", ""reflection""]}",large_ge_ant2_median,"[""ant2"", ""brood_context"", ""container_context"", ""cotton_context"", ""food_context"", ""large_workers"", ""multiple_adult_ants"", ""own_colony"", ""queen_large"", ""substrate_context"", ""tight_relabel_required"", ""workers_near_touching_queen""]",5,133,"{""area_max"": 0.11353571428571428, ""area_median"": 0.03476428571428571, ""area_min"": 0.01965994095238096, ""count"": 5, ""height_median"": 0.18571428571428567, ""width_median"": 0.15606666666666663}",5300e88aff82abd804b9116871eed34f1e82ce89e8d073cb97abf612af9381e9,700,datasets/ants_v3_annotation_pack/ant2/images/ant2_frame_000133_t0004-438_jpg.rf.eb3ae7a968ce6e9eea48726402e856d3.jpg,038915167af83c16b8f53b5378a489b69a92ba230fa3bc535b941d5ebddd92e5,600,Historical ant2 labels are reference metadata only and were not copied as FormicAI v3 ground truth.,ant2_frame_000133_t0004-438_jpg.rf.eb3ae7a968ce6e9eea48726402e856d3.jpg,5,"[""temporal coverage"", ""own-colony close-up scale"", ""workers near queen and brood/food distractors"", ""multiple visible ants""]",ant2,exported_dataset/train/images/ant2_frame_000133_t0004-438_jpg.rf.eb3ae7a968ce6e9eea48726402e856d3.jpg,exported_dataset/train/labels/ant2_frame_000133_t0004-438_jpg.rf.eb3ae7a968ce6e9eea48726402e856d3.txt,samples/ant2.mp4,4.438
"{""adult_ant_positive"": [""queen"", ""worker"", ""major"", ""minor"", ""replete""], ""box_policy"": ""one physical adult ant = one tight visible body box around head + thorax + abdomen; no intentional leg/antenna-tip padding; overlapping boxes allowed"", ""class_mapping"": {""0"": ""ant""}, ""forbidden"": [""training"", ""pseudo-labeling"", ""copying historical ant2 labels as new FormicAI ground truth"", ""remapping AntsNet labels automatically"", ""declaring hard negatives before full-resolution human zero-ant verification""], ""not_ant"": [""brood"", ""food"", ""cotton"", ""substrate"", ""reflection""]}",large_ge_ant2_median,"[""ant2"", ""brood_context"", ""container_context"", ""cotton_context"", ""food_context"", ""large_workers"", ""own_colony"", ""queen_large"", ""substrate_context"", ""tight_relabel_required"", ""workers_near_touching_queen""]",3,147,"{""area_max"": 0.029585714285714288, ""area_median"": 0.029326190476190474, ""area_min"": 0.022285714285714287, ""count"": 3, ""height_median"": 0.16142857142857142, ""width_median"": 0.18166666666666667}",6c59cb93edb7193ec4f6d483f524694d655813282746be1fc2b6cb8e55a603b4,700,datasets/ants_v3_annotation_pack/ant2/images/ant2_frame_000147_t0004-905_jpg.rf.36c30cce6d2e2c37164e8811c26dd0cb.jpg,46de1ad3460cfdc35948e3ca8884d5f1f1bad77b1a10a13c24e15e76dc6c7ebd,600,Historical ant2 labels are reference metadata only and were not copied as FormicAI v3 ground truth.,ant2_frame_000147_t0004-905_jpg.rf.36c30cce6d2e2c37164e8811c26dd0cb.jpg,3,"[""temporal coverage"", ""own-colony close-up scale"", ""workers near queen and brood/food distractors""]",ant2,exported_dataset/train/images/ant2_frame_000147_t0004-905_jpg.rf.36c30cce6d2e2c37164e8811c26dd0cb.jpg,exported_dataset/train/labels/ant2_frame_000147_t0004-905_jpg.rf.36c30cce6d2e2c37164e8811c26dd0cb.txt,samples/ant2.mp4,4.905
"{""adult_ant_positive"": [""queen"", ""worker"", ""major"", ""minor"", ""replete""], ""box_policy"": ""one physical adult ant = one tight visible body box around head + thorax + abdomen; no intentional leg/antenna-tip padding; overlapping boxes allowed"", ""class_mapping"": {""0"": ""ant""}, ""forbidden"": [""training"", ""pseudo-labeling"", ""copying historical ant2 labels as new FormicAI ground truth"", ""remapping AntsNet labels automatically"", ""declaring hard negatives before full-resolution human zero-ant verification""], ""not_ant"": [""brood"", ""food"", ""cotton"", ""substrate"", ""reflection""]}",large_ge_ant2_median,"[""ant2"", ""brood_context"", ""container_context"", ""cotton_context"", ""food_context"", ""large_workers"", ""own_colony"", ""queen_large"", ""substrate_context"", ""tight_relabel_required"", ""workers_near_touching_queen""]",4,161,"{""area_max"": 0.0393733785714286, ""area_median"": 0.03118803226190476, ""area_min"": 0.02346666666666667, ""count"": 4, ""height_median"": 0.17623571428571427, ""width_median"": 0.18916666666666668}",d18632c3f763d148677a11682f9489acf1155d753eef8c6f6a26659f39d5cf35,700,datasets/ants_v3_annotation_pack/ant2/images/ant2_frame_000161_t0005-372_jpg.rf.466084ce20be5598a63ea1bbd0c520d2.jpg,c323e22238016bd4e497ba589c17b9653a3ad7d99367ba8c75f7bf62d17b309b,600,Historical ant2 labels are reference metadata only and were not copied as FormicAI v3 ground truth.,ant2_frame_000161_t0005-372_jpg.rf.466084ce20be5598a63ea1bbd0c520d2.jpg,4,"[""temporal coverage"", ""own-colony close-up scale"", ""workers near queen and brood/food distractors""]",ant2,exported_dataset/test/images/ant2_frame_000161_t0005-372_jpg.rf.466084ce20be5598a63ea1bbd0c520d2.jpg,exported_dataset/test/labels/ant2_frame_000161_t0005-372_jpg.rf.466084ce20be5598a63ea1bbd0c520d2.txt,samples/ant2.mp4,5.372
"{""adult_ant_positive"": [""queen"", ""worker"", ""major"", ""minor"", ""replete""], ""box_policy"": ""one physical adult ant = one tight visible body box around head + thorax + abdomen; no intentional leg/antenna-tip padding; overlapping boxes allowed"", ""class_mapping"": {""0"": ""ant""}, ""forbidden"": [""training"", ""pseudo-labeling"", ""copying historical ant2 labels as new FormicAI ground truth"", ""remapping AntsNet labels automatically"", ""declaring hard negatives before full-resolution human zero-ant verification""], ""not_ant"": [""brood"", ""food"", ""cotton"", ""substrate"", ""reflection""]}",large_ge_ant2_median,"[""ant2"", ""brood_context"", ""container_context"", ""cotton_context"", ""food_context"", ""large_workers"", ""own_colony"", ""queen_large"", ""substrate_context"", ""tight_relabel_required"", ""workers_near_touching_queen""]",3,168,"{""area_max"": 0.09524285714285713, ""area_median"": 0.03659285714285714, ""area_min"": 0.024047619047619047, ""count"": 3, ""height_median"": 0.20142857142857143, ""width_median"": 0.18166666666666667}",9b3525c05423cfd41e13649a6a5be5bf3439a4c79a5163e4c44d349639df758f,700,datasets/ants_v3_annotation_pack/ant2/images/ant2_frame_000168_t0005-605_jpg.rf.afb9a3b34bfcf2cdbbdef7684c5e8cf4.jpg,a4c031c93d9f1b6be0e61e37a7cac25c6d7d117bf137f38247026ec4d3219c8a,600,Historical ant2 labels are reference metadata only and were not copied as FormicAI v3 ground truth.,ant2_frame_000168_t0005-605_jpg.rf.afb9a3b34bfcf2cdbbdef7684c5e8cf4.jpg,3,"[""temporal coverage"", ""own-colony close-up scale"", ""workers near queen and brood/food distractors""]",ant2,exported_dataset/train/images/ant2_frame_000168_t0005-605_jpg.rf.afb9a3b34bfcf2cdbbdef7684c5e8cf4.jpg,exported_dataset/train/labels/ant2_frame_000168_t0005-605_jpg.rf.afb9a3b34bfcf2cdbbdef7684c5e8cf4.txt,samples/ant2.mp4,5.605
"{""adult_ant_positive"": [""queen"", ""worker"", ""major"", ""minor"", ""replete""], ""box_policy"": ""one physical adult ant = one tight visible body box around head + thorax + abdomen; no intentional leg/antenna-tip padding; overlapping boxes allowed"", ""class_mapping"": {""0"": ""ant""}, ""forbidden"": [""training"", ""pseudo-labeling"", ""copying historical ant2 labels as new FormicAI ground truth"", ""remapping AntsNet labels automatically"", ""declaring hard negatives before full-resolution human zero-ant verification""], ""not_ant"": [""brood"", ""food"", ""cotton"", ""substrate"", ""reflection""]}",medium_bridge_v2_to_ant2,"[""ant2"", ""brood_context"", ""container_context"", ""cotton_context"", ""food_context"", ""large_workers"", ""multiple_adult_ants"", ""own_colony"", ""queen_large"", ""substrate_context"", ""tight_relabel_required"", ""workers_near_touching_queen""]",5,182,"{""area_max"": 0.09819285714285712, ""area_median"": 0.022585714285714285, ""area_min"": 0.02102857142857143, ""count"": 5, ""height_median"": 0.1766285714285714, ""width_median"": 0.13666666666666666}",86c5c46bbbac326342c045a154e99380d64145a1dbc09016193a3895bd2f3a5b,700,datasets/ants_v3_annotation_pack/ant2/images/ant2_frame_000182_t0006-072_jpg.rf.1f1bf5ee0305e5595449b9740e90ae9e.jpg,2c575de63f6d7cfc4710cf67f210e319675c4a8fc974193763a4763c41a092ac,600,Historical ant2 labels are reference metadata only and were not copied as FormicAI v3 ground truth.,ant2_frame_000182_t0006-072_jpg.rf.1f1bf5ee0305e5595449b9740e90ae9e.jpg,5,"[""temporal coverage"", ""own-colony close-up scale"", ""workers near queen and brood/food distractors"", ""multiple visible ants""]",ant2,exported_dataset/train/images/ant2_frame_000182_t0006-072_jpg.rf.1f1bf5ee0305e5595449b9740e90ae9e.jpg,exported_dataset/train/labels/ant2_frame_000182_t0006-072_jpg.rf.1f1bf5ee0305e5595449b9740e90ae9e.txt,samples/ant2.mp4,6.072
"{""adult_ant_positive"": [""queen"", ""worker"", ""major"", ""minor"", ""replete""], ""box_policy"": ""one physical adult ant = one tight visible body box around head + thorax + abdomen; no intentional leg/antenna-tip padding; overlapping boxes allowed"", ""class_mapping"": {""0"": ""ant""}, ""forbidden"": [""training"", ""pseudo-labeling"", ""copying historical ant2 labels as new FormicAI ground truth"", ""remapping AntsNet labels automatically"", ""declaring hard negatives before full-resolution human zero-ant verification""], ""not_ant"": [""brood"", ""food"", ""cotton"", ""substrate"", ""reflection""]}",large_ge_ant2_median,"[""ant2"", ""brood_context"", ""container_context"", ""cotton_context"", ""food_context"", ""large_workers"", ""multiple_adult_ants"", ""own_colony"", ""queen_large"", ""substrate_context"", ""tight_relabel_required"", ""workers_near_touching_queen""]",5,189,"{""area_max"": 0.0790722333333333, ""area_median"": 0.029314285714285713, ""area_min"": 0.02057142857142857, ""count"": 5, ""height_median"": 0.18571428571428572, ""width_median"": 0.19}",03c1f2b86d1f9982f64ea224a59a1261f6379c6f558cacbd881cef8e6c2e0cf7,700,datasets/ants_v3_annotation_pack/ant2/images/ant2_frame_000189_t0006-306_jpg.rf.5b13381c521daf6ba26755bcfba51678.jpg,c4e3bbe135007b26fad6ac7175f216ed3ecf96e8f6153bc84284791d1f0392fa,600,Historical ant2 labels are reference metadata only and were not copied as FormicAI v3 ground truth.,ant2_frame_000189_t0006-306_jpg.rf.5b13381c521daf6ba26755bcfba51678.jpg,5,"[""temporal coverage"", ""own-colony close-up scale"", ""workers near queen and brood/food distractors"", ""multiple visible ants""]",ant2,exported_dataset/train/images/ant2_frame_000189_t0006-306_jpg.rf.5b13381c521daf6ba26755bcfba51678.jpg,exported_dataset/train/labels/ant2_frame_000189_t0006-306_jpg.rf.5b13381c521daf6ba26755bcfba51678.txt,samples/ant2.mp4,6.306
"{""adult_ant_positive"": [""queen"", ""worker"", ""major"", ""minor"", ""replete""], ""box_policy"": ""one physical adult ant = one tight visible body box around head + thorax + abdomen; no intentional leg/antenna-tip padding; overlapping boxes allowed"", ""class_mapping"": {""0"": ""ant""}, ""forbidden"": [""training"", ""pseudo-labeling"", ""copying historical ant2 labels as new FormicAI ground truth"", ""remapping AntsNet labels automatically"", ""declaring hard negatives before full-resolution human zero-ant verification""], ""not_ant"": [""brood"", ""food"", ""cotton"", ""substrate"", ""reflection""]}",medium_bridge_v2_to_ant2,"[""ant2"", ""brood_context"", ""container_context"", ""cotton_context"", ""food_context"", ""large_workers"", ""multiple_adult_ants"", ""own_colony"", ""queen_large"", ""substrate_context"", ""tight_relabel_required"", ""workers_near_touching_queen""]",5,203,"{""area_max"": 0.0800147992857143, ""area_median"": 0.026072262857142856, ""area_min"": 0.0224, ""count"": 5, ""height_median"": 0.16, ""width_median"": 0.18666666666666668}",97bbdb726aca936266ea9169343d119745399dda7a14511874da845ab35c6fc2,700,datasets/ants_v3_annotation_pack/ant2/images/ant2_frame_000203_t0006-773_jpg.rf.4e6ae3f3247bedd2711775f00306d7a9.jpg,39359f8cd1c6b04961e2a7efbb189580bf14ccd5830e658b37bd7102cb094109,600,Historical ant2 labels are reference metadata only and were not copied as FormicAI v3 ground truth.,ant2_frame_000203_t0006-773_jpg.rf.4e6ae3f3247bedd2711775f00306d7a9.jpg,5,"[""temporal coverage"", ""own-colony close-up scale"", ""workers near queen and brood/food distractors"", ""multiple visible ants""]",ant2,exported_dataset/train/images/ant2_frame_000203_t0006-773_jpg.rf.4e6ae3f3247bedd2711775f00306d7a9.jpg,exported_dataset/train/labels/ant2_frame_000203_t0006-773_jpg.rf.4e6ae3f3247bedd2711775f00306d7a9.txt,samples/ant2.mp4,6.773
"{""adult_ant_positive"": [""queen"", ""worker"", ""major"", ""minor"", ""replete""], ""box_policy"": ""one physical adult ant = one tight visible body box around head + thorax + abdomen; no intentional leg/antenna-tip padding; overlapping boxes allowed"", ""class_mapping"": {""0"": ""ant""}, ""forbidden"": [""training"", ""pseudo-labeling"", ""copying historical ant2 labels as new FormicAI ground truth"", ""remapping AntsNet labels automatically"", ""declaring hard negatives before full-resolution human zero-ant verification""], ""not_ant"": [""brood"", ""food"", ""cotton"", ""substrate"", ""reflection""]}",medium_bridge_v2_to_ant2,"[""ant2"", ""brood_context"", ""container_context"", ""cotton_context"", ""food_context"", ""large_workers"", ""multiple_adult_ants"", ""own_colony"", ""queen_large"", ""substrate_context"", ""tight_relabel_required"", ""workers_near_touching_queen""]",5,217,"{""area_max"": 0.08581122, ""area_median"": 0.0234, ""area_min"": 0.020266666666666665, ""count"": 5, ""height_median"": 0.18428571428571427, ""width_median"": 0.17}",729ca4e7168ab1524094dc9626bbb173db192691888ccbf1ae67f8d528d2ae74,700,datasets/ants_v3_annotation_pack/ant2/images/ant2_frame_000217_t0007-240_jpg.rf.c65de929855eacd964ef2761c90c1322.jpg,0a56e32fb8884cb7900a7c246464368ec818f9742841cb71cd2ff0d0dae10afc,600,Historical ant2 labels are reference metadata only and were not copied as FormicAI v3 ground truth.,ant2_frame_000217_t0007-240_jpg.rf.c65de929855eacd964ef2761c90c1322.jpg,5,"[""temporal coverage"", ""own-colony close-up scale"", ""workers near queen and brood/food distractors"", ""multiple visible ants""]",ant2,exported_dataset/train/images/ant2_frame_000217_t0007-240_jpg.rf.c65de929855eacd964ef2761c90c1322.jpg,exported_dataset/train/labels/ant2_frame_000217_t0007-240_jpg.rf.c65de929855eacd964ef2761c90c1322.txt,samples/ant2.mp4,7.24
"{""adult_ant_positive"": [""queen"", ""worker"", ""major"", ""minor"", ""replete""], ""box_policy"": ""one physical adult ant = one tight visible body box around head + thorax + abdomen; no intentional leg/antenna-tip padding; overlapping boxes allowed"", ""class_mapping"": {""0"": ""ant""}, ""forbidden"": [""training"", ""pseudo-labeling"", ""copying historical ant2 labels as new FormicAI ground truth"", ""remapping AntsNet labels automatically"", ""declaring hard negatives before full-resolution human zero-ant verification""], ""not_ant"": [""brood"", ""food"", ""cotton"", ""substrate"", ""reflection""]}",medium_bridge_v2_to_ant2,"[""ant2"", ""brood_context"", ""container_context"", ""cotton_context"", ""food_context"", ""large_workers"", ""multiple_adult_ants"", ""own_colony"", ""queen_large"", ""substrate_context"", ""tight_relabel_required"", ""workers_near_touching_queen""]",5,224,"{""area_max"": 0.07917863833333337, ""area_median"": 0.022500000000000003, ""area_min"": 0.0144, ""count"": 5, ""height_median"": 0.16, ""width_median"": 0.19166666666666668}",ca18ca7556a7f78592578b98cfccf4b4b4e96694393e966169cda3ceba0e2021,700,datasets/ants_v3_annotation_pack/ant2/images/ant2_frame_000224_t0007-474_jpg.rf.3498aa79a5968f826e1dd63b5a3f0706.jpg,11b331f4ba07a0528545612f99e553bed152d9c2bbbc81a0fdd4484bc1ce580d,600,Historical ant2 labels are reference metadata only and were not copied as FormicAI v3 ground truth.,ant2_frame_000224_t0007-474_jpg.rf.3498aa79a5968f826e1dd63b5a3f0706.jpg,5,"[""temporal coverage"", ""own-colony close-up scale"", ""workers near queen and brood/food distractors"", ""multiple visible ants""]",ant2,exported_dataset/valid/images/ant2_frame_000224_t0007-474_jpg.rf.3498aa79a5968f826e1dd63b5a3f0706.jpg,exported_dataset/valid/labels/ant2_frame_000224_t0007-474_jpg.rf.3498aa79a5968f826e1dd63b5a3f0706.txt,samples/ant2.mp4,7.474
"{""adult_ant_positive"": [""queen"", ""worker"", ""major"", ""minor"", ""replete""], ""box_policy"": ""one physical adult ant = one tight visible body box around head + thorax + abdomen; no intentional leg/antenna-tip padding; overlapping boxes allowed"", ""class_mapping"": {""0"": ""ant""}, ""forbidden"": [""training"", ""pseudo-labeling"", ""copying historical ant2 labels as new FormicAI ground truth"", ""remapping AntsNet labels automatically"", ""declaring hard negatives before full-resolution human zero-ant verification""], ""not_ant"": [""brood"", ""food"", ""cotton"", ""substrate"", ""reflection""]}",large_ge_ant2_median,"[""ant2"", ""brood_context"", ""container_context"", ""cotton_context"", ""food_context"", ""large_workers"", ""multiple_adult_ants"", ""own_colony"", ""queen_large"", ""substrate_context"", ""tight_relabel_required"", ""workers_near_touching_queen""]",5,238,"{""area_max"": 0.06290622, ""area_median"": 0.03516190476190476, ""area_min"": 0.018166666666666668, ""count"": 5, ""height_median"": 0.16714285714285715, ""width_median"": 0.22166666666666668}",5bc274ff33e178d9bdf17d1646c29656f5242eceb5a25d17726a4366852df5e0,700,datasets/ants_v3_annotation_pack/ant2/images/ant2_frame_000238_t0007-941_jpg.rf.8bc910f58d0601d8d118a6ab93504bd3.jpg,827364342c21191d25cd75b7f13818bbcac1341555382d7738908512cce8f50c,600,Historical ant2 labels are reference metadata only and were not copied as FormicAI v3 ground truth.,ant2_frame_000238_t0007-941_jpg.rf.8bc910f58d0601d8d118a6ab93504bd3.jpg,5,"[""temporal coverage"", ""own-colony close-up scale"", ""workers near queen and brood/food distractors"", ""multiple visible ants""]",ant2,exported_dataset/train/images/ant2_frame_000238_t0007-941_jpg.rf.8bc910f58d0601d8d118a6ab93504bd3.jpg,exported_dataset/train/labels/ant2_frame_000238_t0007-941_jpg.rf.8bc910f58d0601d8d118a6ab93504bd3.txt,samples/ant2.mp4,7.941
"{""adult_ant_positive"": [""queen"", ""worker"", ""major"", ""minor"", ""replete""], ""box_policy"": ""one physical adult ant = one tight visible body box around head + thorax + abdomen; no intentional leg/antenna-tip padding; overlapping boxes allowed"", ""class_mapping"": {""0"": ""ant""}, ""forbidden"": [""training"", ""pseudo-labeling"", ""copying historical ant2 labels as new FormicAI ground truth"", ""remapping AntsNet labels automatically"", ""declaring hard negatives before full-resolution human zero-ant verification""], ""not_ant"": [""brood"", ""food"", ""cotton"", ""substrate"", ""reflection""]}",medium_bridge_v2_to_ant2,"[""ant2"", ""brood_context"", ""container_context"", ""cotton_context"", ""food_context"", ""large_workers"", ""multiple_adult_ants"", ""own_colony"", ""queen_large"", ""substrate_context"", ""tight_relabel_required"", ""workers_near_touching_queen""]",6,245,"{""area_max"": 0.0777047619047619, ""area_median"": 0.02582261904761905, ""area_min"": 0.01807619047619048, ""count"": 6, ""height_median"": 0.16214285714285714, ""width_median"": 0.1725}",cb1bad1ef4d584cc81c13a7dafa475bcf4a5a596ec48b02e17ac7845e0407adf,700,datasets/ants_v3_annotation_pack/ant2/images/ant2_frame_000245_t0008-174_jpg.rf.432d1f28cda5b99ebf1bb7ac806ef9f5.jpg,9287be44ab6feb23af0c4dbe0cfa90f9707534af3fcb806f576636c72c43ff33,600,Historical ant2 labels are reference metadata only and were not copied as FormicAI v3 ground truth.,ant2_frame_000245_t0008-174_jpg.rf.432d1f28cda5b99ebf1bb7ac806ef9f5.jpg,6,"[""temporal coverage"", ""own-colony close-up scale"", ""workers near queen and brood/food distractors"", ""multiple visible ants""]",ant2,exported_dataset/train/images/ant2_frame_000245_t0008-174_jpg.rf.432d1f28cda5b99ebf1bb7ac806ef9f5.jpg,exported_dataset/train/labels/ant2_frame_000245_t0008-174_jpg.rf.432d1f28cda5b99ebf1bb7ac806ef9f5.txt,samples/ant2.mp4,8.174
"{""adult_ant_positive"": [""queen"", ""worker"", ""major"", ""minor"", ""replete""], ""box_policy"": ""one physical adult ant = one tight visible body box around head + thorax + abdomen; no intentional leg/antenna-tip padding; overlapping boxes allowed"", ""class_mapping"": {""0"": ""ant""}, ""forbidden"": [""training"", ""pseudo-labeling"", ""copying historical ant2 labels as new FormicAI ground truth"", ""remapping AntsNet labels automatically"", ""declaring hard negatives before full-resolution human zero-ant verification""], ""not_ant"": [""brood"", ""food"", ""cotton"", ""substrate"", ""reflection""]}",medium_bridge_v2_to_ant2,"[""ant2"", ""brood_context"", ""container_context"", ""cotton_context"", ""food_context"", ""large_workers"", ""own_colony"", ""queen_large"", ""substrate_context"", ""tight_relabel_required"", ""workers_near_touching_queen""]",4,259,"{""area_max"": 0.029961904761904763, ""area_median"": 0.020027380952380953, ""area_min"": 0.012857142857142857, ""count"": 4, ""height_median"": 0.14785714285714285, ""width_median"": 0.13916666666666666}",c81d72a85ccc7d22014f7dc34be4ca1c2a4299d17c6e8787f1073d409058ca42,700,datasets/ants_v3_annotation_pack/ant2/images/ant2_frame_000259_t0008-642_jpg.rf.a44dcc08b193958e74aca2369a095fd3.jpg,5148ebaef5fd0553b4a05e285147d1c7632cb39d15f4a4ac5e326d18fa524fd3,600,Historical ant2 labels are reference metadata only and were not copied as FormicAI v3 ground truth.,ant2_frame_000259_t0008-642_jpg.rf.a44dcc08b193958e74aca2369a095fd3.jpg,4,"[""temporal coverage"", ""own-colony close-up scale"", ""workers near queen and brood/food distractors""]",ant2,exported_dataset/train/images/ant2_frame_000259_t0008-642_jpg.rf.a44dcc08b193958e74aca2369a095fd3.jpg,exported_dataset/train/labels/ant2_frame_000259_t0008-642_jpg.rf.a44dcc08b193958e74aca2369a095fd3.txt,samples/ant2.mp4,8.642
"{""adult_ant_positive"": [""queen"", ""worker"", ""major"", ""minor"", ""replete""], ""box_policy"": ""one physical adult ant = one tight visible body box around head + thorax + abdomen; no intentional leg/antenna-tip padding; overlapping boxes allowed"", ""class_mapping"": {""0"": ""ant""}, ""forbidden"": [""training"", ""pseudo-labeling"", ""copying historical ant2 labels as new FormicAI ground truth"", ""remapping AntsNet labels automatically"", ""declaring hard negatives before full-resolution human zero-ant verification""], ""not_ant"": [""brood"", ""food"", ""cotton"", ""substrate"", ""reflection""]}",medium_bridge_v2_to_ant2,"[""ant2"", ""brood_context"", ""container_context"", ""cotton_context"", ""food_context"", ""large_workers"", ""multiple_adult_ants"", ""own_colony"", ""queen_large"", ""substrate_context"", ""tight_relabel_required"", ""workers_near_touching_queen""]",5,273,"{""area_max"": 0.030952380952380953, ""area_median"": 0.027414285714285717, ""area_min"": 0.016342857142857145, ""count"": 5, ""height_median"": 0.1442857142857143, ""width_median"": 0.175}",b56fd9f486fe543be08017cf7f857031407503f3a91fd4ea36f8e1381700bb80,700,datasets/ants_v3_annotation_pack/ant2/images/ant2_frame_000273_t0009-109_jpg.rf.4b1c040decf46efa81e82e021672bd93.jpg,8378a04c60b226a0092fe3df9dd8c7372ea575b6ccc9e8cded7fcce7ec008b60,600,Historical ant2 labels are reference metadata only and were not copied as FormicAI v3 ground truth.,ant2_frame_000273_t0009-109_jpg.rf.4b1c040decf46efa81e82e021672bd93.jpg,5,"[""temporal coverage"", ""own-colony close-up scale"", ""workers near queen and brood/food distractors"", ""multiple visible ants""]",ant2,exported_dataset/valid/images/ant2_frame_000273_t0009-109_jpg.rf.4b1c040decf46efa81e82e021672bd93.jpg,exported_dataset/valid/labels/ant2_frame_000273_t0009-109_jpg.rf.4b1c040decf46efa81e82e021672bd93.txt,samples/ant2.mp4,9.109
"{""adult_ant_positive"": [""queen"", ""worker"", ""major"", ""minor"", ""replete""], ""box_policy"": ""one physical adult ant = one tight visible body box around head + thorax + abdomen; no intentional leg/antenna-tip padding; overlapping boxes allowed"", ""class_mapping"": {""0"": ""ant""}, ""forbidden"": [""training"", ""pseudo-labeling"", ""copying historical ant2 labels as new FormicAI ground truth"", ""remapping AntsNet labels automatically"", ""declaring hard negatives before full-resolution human zero-ant verification""], ""not_ant"": [""brood"", ""food"", ""cotton"", ""substrate"", ""reflection""]}",medium_bridge_v2_to_ant2,"[""ant2"", ""brood_context"", ""container_context"", ""cotton_context"", ""food_context"", ""large_workers"", ""multiple_adult_ants"", ""own_colony"", ""queen_large"", ""substrate_context"", ""tight_relabel_required"", ""workers_near_touching_queen""]",5,280,"{""area_max"": 0.02214285714285714, ""area_median"": 0.019947619047619047, ""area_min"": 0.011157142857142859, ""count"": 5, ""height_median"": 0.12428571428571429, ""width_median"": 0.155}",ee3bd916ef32bcec99a2ce0ed1a655bb3241704506926d26b2741685e5ac3feb,700,datasets/ants_v3_annotation_pack/ant2/images/ant2_frame_000280_t0009-342_jpg.rf.1a2d65cd4052cc07a0eedb5d92d32bee.jpg,0a8baab9c19fbe5e52fb6d796c001c05f61ee71fbb3f34a92ba9c50ca3b690e1,600,Historical ant2 labels are reference metadata only and were not copied as FormicAI v3 ground truth.,ant2_frame_000280_t0009-342_jpg.rf.1a2d65cd4052cc07a0eedb5d92d32bee.jpg,5,"[""temporal coverage"", ""own-colony close-up scale"", ""workers near queen and brood/food distractors"", ""multiple visible ants""]",ant2,exported_dataset/train/images/ant2_frame_000280_t0009-342_jpg.rf.1a2d65cd4052cc07a0eedb5d92d32bee.jpg,exported_dataset/train/labels/ant2_frame_000280_t0009-342_jpg.rf.1a2d65cd4052cc07a0eedb5d92d32bee.txt,samples/ant2.mp4,9.342
"{""adult_ant_positive"": [""queen"", ""worker"", ""major"", ""minor"", ""replete""], ""box_policy"": ""one physical adult ant = one tight visible body box around head + thorax + abdomen; no intentional leg/antenna-tip padding; overlapping boxes allowed"", ""class_mapping"": {""0"": ""ant""}, ""forbidden"": [""training"", ""pseudo-labeling"", ""copying historical ant2 labels as new FormicAI ground truth"", ""remapping AntsNet labels automatically"", ""declaring hard negatives before full-resolution human zero-ant verification""], ""not_ant"": [""brood"", ""food"", ""cotton"", ""substrate"", ""reflection""]}",large_ge_ant2_median,"[""ant2"", ""brood_context"", ""container_context"", ""cotton_context"", ""food_context"", ""large_workers"", ""multiple_adult_ants"", ""own_colony"", ""queen_large"", ""substrate_context"", ""tight_relabel_required"", ""workers_near_touching_queen""]",5,294,"{""area_max"": 0.0805239, ""area_median"": 0.03302619047619047, ""area_min"": 0.010266666666666667, ""count"": 5, ""height_median"": 0.2052, ""width_median"": 0.15666666666666668}",0588510d1b119e2f19686585fa41555a5d1da68b1193652db3cb8a9a5509aba4,700,datasets/ants_v3_annotation_pack/ant2/images/ant2_frame_000294_t0009-809_jpg.rf.5e3a3faae93421c7cba0bb4dac921fa9.jpg,cd67180e55a22ece993cd3ab88d955a91e34eda87cffc81aa0d2bb69f6152a0c,600,Historical ant2 labels are reference metadata only and were not copied as FormicAI v3 ground truth.,ant2_frame_000294_t0009-809_jpg.rf.5e3a3faae93421c7cba0bb4dac921fa9.jpg,5,"[""temporal coverage"", ""own-colony close-up scale"", ""workers near queen and brood/food distractors"", ""multiple visible ants""]",ant2,exported_dataset/train/images/ant2_frame_000294_t0009-809_jpg.rf.5e3a3faae93421c7cba0bb4dac921fa9.jpg,exported_dataset/train/labels/ant2_frame_000294_t0009-809_jpg.rf.5e3a3faae93421c7cba0bb4dac921fa9.txt,samples/ant2.mp4,9.809
"{""adult_ant_positive"": [""queen"", ""worker"", ""major"", ""minor"", ""replete""], ""box_policy"": ""one physical adult ant = one tight visible body box around head + thorax + abdomen; no intentional leg/antenna-tip padding; overlapping boxes allowed"", ""class_mapping"": {""0"": ""ant""}, ""forbidden"": [""training"", ""pseudo-labeling"", ""copying historical ant2 labels as new FormicAI ground truth"", ""remapping AntsNet labels automatically"", ""declaring hard negatives before full-resolution human zero-ant verification""], ""not_ant"": [""brood"", ""food"", ""cotton"", ""substrate"", ""reflection""]}",large_ge_ant2_median,"[""ant2"", ""container_context"", ""cotton_context"", ""glare_reflections"", ""own_colony"", ""substrate_context"", ""tight_relabel_required""]",4,301,"{""area_max"": 0.04546666666666667, ""area_median"": 0.036533333333333334, ""area_min"": 0.009942857142857142, ""count"": 4, ""height_median"": 0.2114285714285714, ""width_median"": 0.1725}",81b91f55e0d625d91d24221745dfd089fc3b43050f7b8060a63fd89435a8e235,700,datasets/ants_v3_annotation_pack/ant2/images/ant2_frame_000301_t0010-043_jpg.rf.e69be6b35f337a3951b808082e104bf2.jpg,9d6a67d4b0f0de3e3b6ef76a91cd0b51226150a5f34a7b5aa146f3288fbbb305,600,Historical ant2 labels are reference metadata only and were not copied as FormicAI v3 ground truth.,ant2_frame_000301_t0010-043_jpg.rf.e69be6b35f337a3951b808082e104bf2.jpg,4,"[""temporal coverage"", ""own-colony close-up scale"", ""late-sequence glare/reflection variation""]",ant2,exported_dataset/valid/images/ant2_frame_000301_t0010-043_jpg.rf.e69be6b35f337a3951b808082e104bf2.jpg,exported_dataset/valid/labels/ant2_frame_000301_t0010-043_jpg.rf.e69be6b35f337a3951b808082e104bf2.txt,samples/ant2.mp4,10.043
"{""adult_ant_positive"": [""queen"", ""worker"", ""major"", ""minor"", ""replete""], ""box_policy"": ""one physical adult ant = one tight visible body box around head + thorax + abdomen; no intentional leg/antenna-tip padding; overlapping boxes allowed"", ""class_mapping"": {""0"": ""ant""}, ""forbidden"": [""training"", ""pseudo-labeling"", ""copying historical ant2 labels as new FormicAI ground truth"", ""remapping AntsNet labels automatically"", ""declaring hard negatives before full-resolution human zero-ant verification""], ""not_ant"": [""brood"", ""food"", ""cotton"", ""substrate"", ""reflection""]}",large_ge_ant2_median,"[""ant2"", ""container_context"", ""cotton_context"", ""glare_reflections"", ""multiple_adult_ants"", ""own_colony"", ""substrate_context"", ""tight_relabel_required""]",5,315,"{""area_max"": 0.09662857142857142, ""area_median"": 0.03, ""area_min"": 0.0143, ""count"": 5, ""height_median"": 0.15714285714285714, ""width_median"": 0.18}",3df430648862cf2f02e0f3eb69baae444148bcbbd6ce142aec4829e7112b0df5,700,datasets/ants_v3_annotation_pack/ant2/images/ant2_frame_000315_t0010-510_jpg.rf.23653084add308d50951ab748e0b782c.jpg,9718e20bb760cb1afb0c3067039fb9ba789fd2cf897144c5f0b5a2400e49aa04,600,Historical ant2 labels are reference metadata only and were not copied as FormicAI v3 ground truth.,ant2_frame_000315_t0010-510_jpg.rf.23653084add308d50951ab748e0b782c.jpg,5,"[""temporal coverage"", ""own-colony close-up scale"", ""late-sequence glare/reflection variation"", ""multiple visible ants""]",ant2,exported_dataset/test/images/ant2_frame_000315_t0010-510_jpg.rf.23653084add308d50951ab748e0b782c.jpg,exported_dataset/test/labels/ant2_frame_000315_t0010-510_jpg.rf.23653084add308d50951ab748e0b782c.txt,samples/ant2.mp4,10.51
"{""adult_ant_positive"": [""queen"", ""worker"", ""major"", ""minor"", ""replete""], ""box_policy"": ""one physical adult ant = one tight visible body box around head + thorax + abdomen; no intentional leg/antenna-tip padding; overlapping boxes allowed"", ""class_mapping"": {""0"": ""ant""}, ""forbidden"": [""training"", ""pseudo-labeling"", ""copying historical ant2 labels as new FormicAI ground truth"", ""remapping AntsNet labels automatically"", ""declaring hard negatives before full-resolution human zero-ant verification""], ""not_ant"": [""brood"", ""food"", ""cotton"", ""substrate"", ""reflection""]}",large_ge_ant2_median,"[""ant2"", ""container_context"", ""cotton_context"", ""glare_reflections"", ""multiple_adult_ants"", ""own_colony"", ""substrate_context"", ""tight_relabel_required""]",5,329,"{""area_max"": 0.08111190476190476, ""area_median"": 0.035333333333333335, ""area_min"": 0.017904761904761906, ""count"": 5, ""height_median"": 0.2, ""width_median"": 0.17}",6e637db95c930f996dadea2687f21378a425470cd68c76978f6bffadf116516c,700,datasets/ants_v3_annotation_pack/ant2/images/ant2_frame_000329_t0010-977_jpg.rf.44a724eba8384e947c7e1bb4808f2f91.jpg,d0abb73e8e8317a37f26923a31628d54d3b6e6393d56a71e6d9be36bf34268b4,600,Historical ant2 labels are reference metadata only and were not copied as FormicAI v3 ground truth.,ant2_frame_000329_t0010-977_jpg.rf.44a724eba8384e947c7e1bb4808f2f91.jpg,5,"[""temporal coverage"", ""own-colony close-up scale"", ""late-sequence glare/reflection variation"", ""multiple visible ants""]",ant2,exported_dataset/valid/images/ant2_frame_000329_t0010-977_jpg.rf.44a724eba8384e947c7e1bb4808f2f91.jpg,exported_dataset/valid/labels/ant2_frame_000329_t0010-977_jpg.rf.44a724eba8384e947c7e1bb4808f2f91.txt,samples/ant2.mp4,10.977
"{""adult_ant_positive"": [""queen"", ""worker"", ""major"", ""minor"", ""replete""], ""box_policy"": ""one physical adult ant = one tight visible body box around head + thorax + abdomen; no intentional leg/antenna-tip padding; overlapping boxes allowed"", ""class_mapping"": {""0"": ""ant""}, ""forbidden"": [""training"", ""pseudo-labeling"", ""copying historical ant2 labels as new FormicAI ground truth"", ""remapping AntsNet labels automatically"", ""declaring hard negatives before full-resolution human zero-ant verification""], ""not_ant"": [""brood"", ""food"", ""cotton"", ""substrate"", ""reflection""]}",medium_bridge_v2_to_ant2,"[""ant2"", ""container_context"", ""cotton_context"", ""glare_reflections"", ""multiple_adult_ants"", ""own_colony"", ""substrate_context"", ""tight_relabel_required""]",5,336,"{""area_max"": 0.082, ""area_median"": 0.02419324285714286, ""area_min"": 0.017869047619047614, ""count"": 5, ""height_median"": 0.15714285714285714, ""width_median"": 0.14333333333333334}",eca8ee36f57639a9da6d3e639bd7670711fea17ad7afadfa67ecffcb4ba418ff,700,datasets/ants_v3_annotation_pack/ant2/images/ant2_frame_000336_t0011-211_jpg.rf.14bf06a9112d8bd2fe7a7a3774c1f4db.jpg,8996f82b22c877fd0160a4c006053c8ab17bbf3a375cff208f677c15ea6fc781,600,Historical ant2 labels are reference metadata only and were not copied as FormicAI v3 ground truth.,ant2_frame_000336_t0011-211_jpg.rf.14bf06a9112d8bd2fe7a7a3774c1f4db.jpg,5,"[""temporal coverage"", ""own-colony close-up scale"", ""late-sequence glare/reflection variation"", ""multiple visible ants""]",ant2,exported_dataset/train/images/ant2_frame_000336_t0011-211_jpg.rf.14bf06a9112d8bd2fe7a7a3774c1f4db.jpg,exported_dataset/train/labels/ant2_frame_000336_t0011-211_jpg.rf.14bf06a9112d8bd2fe7a7a3774c1f4db.txt,samples/ant2.mp4,11.211
"{""adult_ant_positive"": [""queen"", ""worker"", ""major"", ""minor"", ""replete""], ""box_policy"": ""one physical adult ant = one tight visible body box around head + thorax + abdomen; no intentional leg/antenna-tip padding; overlapping boxes allowed"", ""class_mapping"": {""0"": ""ant""}, ""forbidden"": [""training"", ""pseudo-labeling"", ""copying historical ant2 labels as new FormicAI ground truth"", ""remapping AntsNet labels automatically"", ""declaring hard negatives before full-resolution human zero-ant verification""], ""not_ant"": [""brood"", ""food"", ""cotton"", ""substrate"", ""reflection""]}",medium_bridge_v2_to_ant2,"[""ant2"", ""container_context"", ""cotton_context"", ""glare_reflections"", ""multiple_adult_ants"", ""own_colony"", ""substrate_context"", ""tight_relabel_required""]",5,350,"{""area_max"": 0.09342857142857142, ""area_median"": 0.020035714285714285, ""area_min"": 0.019066666666666666, ""count"": 5, ""height_median"": 0.14857142857142858, ""width_median"": 0.145}",2cfff655e5c05c1739848d1c49acfb184e9207bb3becfb005a21a791b76836f0,700,datasets/ants_v3_annotation_pack/ant2/images/ant2_frame_000350_t0011-678_jpg.rf.ede1e027d3016584084111ed00c40dab.jpg,3985f40ffe4d65824f2d9de8ad54361052b1566eab7905c5cdd23cd51427aa4c,600,Historical ant2 labels are reference metadata only and were not copied as FormicAI v3 ground truth.,ant2_frame_000350_t0011-678_jpg.rf.ede1e027d3016584084111ed00c40dab.jpg,5,"[""temporal coverage"", ""own-colony close-up scale"", ""late-sequence glare/reflection variation"", ""multiple visible ants""]",ant2,exported_dataset/train/images/ant2_frame_000350_t0011-678_jpg.rf.ede1e027d3016584084111ed00c40dab.jpg,exported_dataset/train/labels/ant2_frame_000350_t0011-678_jpg.rf.ede1e027d3016584084111ed00c40dab.txt,samples/ant2.mp4,11.678
"{""adult_ant_positive"": [""queen"", ""worker"", ""major"", ""minor"", ""replete""], ""box_policy"": ""one physical adult ant = one tight visible body box around head + thorax + abdomen; no intentional leg/antenna-tip padding; overlapping boxes allowed"", ""class_mapping"": {""0"": ""ant""}, ""forbidden"": [""training"", ""pseudo-labeling"", ""copying historical ant2 labels as new FormicAI ground truth"", ""remapping AntsNet labels automatically"", ""declaring hard negatives before full-resolution human zero-ant verification""], ""not_ant"": [""brood"", ""food"", ""cotton"", ""substrate"", ""reflection""]}",medium_bridge_v2_to_ant2,"[""ant2"", ""container_context"", ""cotton_context"", ""glare_reflections"", ""own_colony"", ""substrate_context"", ""tight_relabel_required""]",4,364,"{""area_max"": 0.10086904761904762, ""area_median"": 0.021875, ""area_min"": 0.013907142857142858, ""count"": 4, ""height_median"": 0.14214285714285713, ""width_median"": 0.16999999999999998}",d78755877c9ef9240ee821e50db3979a7b5a6e80204ff72a8c53baba3652679e,700,datasets/ants_v3_annotation_pack/ant2/images/ant2_frame_000364_t0012-145_jpg.rf.bc1608cb7027dfd577c0407c5c6d8548.jpg,dfd208ff34d7fb79540c9390f815ffee49b94817f793ed19c73fd4bbf748dc35,600,Historical ant2 labels are reference metadata only and were not copied as FormicAI v3 ground truth.,ant2_frame_000364_t0012-145_jpg.rf.bc1608cb7027dfd577c0407c5c6d8548.jpg,4,"[""temporal coverage"", ""own-colony close-up scale"", ""late-sequence glare/reflection variation""]",ant2,exported_dataset/train/images/ant2_frame_000364_t0012-145_jpg.rf.bc1608cb7027dfd577c0407c5c6d8548.jpg,exported_dataset/train/labels/ant2_frame_000364_t0012-145_jpg.rf.bc1608cb7027dfd577c0407c5c6d8548.txt,samples/ant2.mp4,12.145
"{""adult_ant_positive"": [""queen"", ""worker"", ""major"", ""minor"", ""replete""], ""box_policy"": ""one physical adult ant = one tight visible body box around head + thorax + abdomen; no intentional leg/antenna-tip padding; overlapping boxes allowed"", ""class_mapping"": {""0"": ""ant""}, ""forbidden"": [""training"", ""pseudo-labeling"", ""copying historical ant2 labels as new FormicAI ground truth"", ""remapping AntsNet labels automatically"", ""declaring hard negatives before full-resolution human zero-ant verification""], ""not_ant"": [""brood"", ""food"", ""cotton"", ""substrate"", ""reflection""]}",medium_bridge_v2_to_ant2,"[""ant2"", ""container_context"", ""cotton_context"", ""glare_reflections"", ""multiple_adult_ants"", ""own_colony"", ""substrate_context"", ""tight_relabel_required""]",5,371,"{""area_max"": 0.0969047619047619, ""area_median"": 0.02408624952380955, ""area_min"": 0.010869047619047618, ""count"": 5, ""height_median"": 0.13857142857142857, ""width_median"": 0.17166666666666666}",010c9d04b4a9e53056b73d32a6e8cacb2a3a38247accecbf9e55c1122a50ee8f,700,datasets/ants_v3_annotation_pack/ant2/images/ant2_frame_000371_t0012-378_jpg.rf.28dc60ef4e6d2b637bd254f2708ab571.jpg,c0e045c600b684800dc5f9f73095c6a7ac350a451b850673714b37d979847366,600,Historical ant2 labels are reference metadata only and were not copied as FormicAI v3 ground truth.,ant2_frame_000371_t0012-378_jpg.rf.28dc60ef4e6d2b637bd254f2708ab571.jpg,5,"[""temporal coverage"", ""own-colony close-up scale"", ""late-sequence glare/reflection variation"", ""multiple visible ants""]",ant2,exported_dataset/test/images/ant2_frame_000371_t0012-378_jpg.rf.28dc60ef4e6d2b637bd254f2708ab571.jpg,exported_dataset/test/labels/ant2_frame_000371_t0012-378_jpg.rf.28dc60ef4e6d2b637bd254f2708ab571.txt,samples/ant2.mp4,12.378
"{""adult_ant_positive"": [""queen"", ""worker"", ""major"", ""minor"", ""replete""], ""box_policy"": ""one physical adult ant = one tight visible body box around head + thorax + abdomen; no intentional leg/antenna-tip padding; overlapping boxes allowed"", ""class_mapping"": {""0"": ""ant""}, ""forbidden"": [""training"", ""pseudo-labeling"", ""copying historical ant2 labels as new FormicAI ground truth"", ""remapping AntsNet labels automatically"", ""declaring hard negatives before full-resolution human zero-ant verification""], ""not_ant"": [""brood"", ""food"", ""cotton"", ""substrate"", ""reflection""]}",large_ge_ant2_median,"[""ant2"", ""container_context"", ""cotton_context"", ""glare_reflections"", ""own_colony"", ""substrate_context"", ""tight_relabel_required""]",4,392,"{""area_max"": 0.10593333333333335, ""area_median"": 0.03481297321428571, ""area_min"": 0.016166666666666666, ""count"": 4, ""height_median"": 0.20194285714285712, ""width_median"": 0.18916666666666665}",f4388cb08b5ac695a1390e9c4f79532ecfe1ccfa6a1bcf0e96ea7106944ebee5,700,datasets/ants_v3_annotation_pack/ant2/images/ant2_frame_000392_t0013-079_jpg.rf.55a39f21c6487873eb5d364976564ed6.jpg,01f0098006e07de042ba1c2901d80d835939f1ef9ed0fa02bf408f82422520e4,600,Historical ant2 labels are reference metadata only and were not copied as FormicAI v3 ground truth.,ant2_frame_000392_t0013-079_jpg.rf.55a39f21c6487873eb5d364976564ed6.jpg,4,"[""temporal coverage"", ""own-colony close-up scale"", ""late-sequence glare/reflection variation""]",ant2,exported_dataset/train/images/ant2_frame_000392_t0013-079_jpg.rf.55a39f21c6487873eb5d364976564ed6.jpg,exported_dataset/train/labels/ant2_frame_000392_t0013-079_jpg.rf.55a39f21c6487873eb5d364976564ed6.txt,samples/ant2.mp4,13.079
"{""adult_ant_positive"": [""queen"", ""worker"", ""major"", ""minor"", ""replete""], ""box_policy"": ""one physical adult ant = one tight visible body box around head + thorax + abdomen; no intentional leg/antenna-tip padding; overlapping boxes allowed"", ""class_mapping"": {""0"": ""ant""}, ""forbidden"": [""training"", ""pseudo-labeling"", ""copying historical ant2 labels as new FormicAI ground truth"", ""remapping AntsNet labels automatically"", ""declaring hard negatives before full-resolution human zero-ant verification""], ""not_ant"": [""brood"", ""food"", ""cotton"", ""substrate"", ""reflection""]}",large_ge_ant2_median,"[""ant2"", ""container_context"", ""cotton_context"", ""glare_reflections"", ""own_colony"", ""substrate_context"", ""tight_relabel_required""]",3,399,"{""area_max"": 0.10485238095238096, ""area_median"": 0.04299047619047619, ""area_min"": 0.016761904761904763, ""count"": 3, ""height_median"": 0.21142857142857144, ""width_median"": 0.20333333333333334}",c48f8bd94f667966b8d96ee3c437912b35034afacef32c64148edca5f3ddc315,700,datasets/ants_v3_annotation_pack/ant2/images/ant2_frame_000399_t0013-313_jpg.rf.84e5da119ad9a984fbf44a0daf9cb3c2.jpg,7059d19bdcef6daadc1bcd3337fa30d0f369d6f22543ae768caacac5d893f711,600,Historical ant2 labels are reference metadata only and were not copied as FormicAI v3 ground truth.,ant2_frame_000399_t0013-313_jpg.rf.84e5da119ad9a984fbf44a0daf9cb3c2.jpg,3,"[""temporal coverage"", ""own-colony close-up scale"", ""late-sequence glare/reflection variation""]",ant2,exported_dataset/test/images/ant2_frame_000399_t0013-313_jpg.rf.84e5da119ad9a984fbf44a0daf9cb3c2.jpg,exported_dataset/test/labels/ant2_frame_000399_t0013-313_jpg.rf.84e5da119ad9a984fbf44a0daf9cb3c2.txt,samples/ant2.mp4,13.313
"{""adult_ant_positive"": [""queen"", ""worker"", ""major"", ""minor"", ""replete""], ""box_policy"": ""one physical adult ant = one tight visible body box around head + thorax + abdomen; no intentional leg/antenna-tip padding; overlapping boxes allowed"", ""class_mapping"": {""0"": ""ant""}, ""forbidden"": [""training"", ""pseudo-labeling"", ""copying historical ant2 labels as new FormicAI ground truth"", ""remapping AntsNet labels automatically"", ""declaring hard negatives before full-resolution human zero-ant verification""], ""not_ant"": [""brood"", ""food"", ""cotton"", ""substrate"", ""reflection""]}",large_ge_ant2_median,"[""ant2"", ""container_context"", ""cotton_context"", ""glare_reflections"", ""own_colony"", ""substrate_context"", ""tight_relabel_required""]",4,413,"{""area_max"": 0.10281666666666668, ""area_median"": 0.0565223957142857, ""area_min"": 0.019399999999999997, ""count"": 4, ""height_median"": 0.21617142857142857, ""width_median"": 0.25742499999999996}",dbfd5c0caeb03ec69b9cfa1d1bfdecf304caa313a699748e594fec4878e087be,700,datasets/ants_v3_annotation_pack/ant2/images/ant2_frame_000413_t0013-780_jpg.rf.a4ae5e62bbec2da9c5d013f2ce979dbc.jpg,32a12220f9319a279a7e463539e6925a06ad64d28dcdac834de6a2cc4a8e72fa,600,Historical ant2 labels are reference metadata only and were not copied as FormicAI v3 ground truth.,ant2_frame_000413_t0013-780_jpg.rf.a4ae5e62bbec2da9c5d013f2ce979dbc.jpg,4,"[""temporal coverage"", ""own-colony close-up scale"", ""late-sequence glare/reflection variation""]",ant2,exported_dataset/train/images/ant2_frame_000413_t0013-780_jpg.rf.a4ae5e62bbec2da9c5d013f2ce979dbc.jpg,exported_dataset/train/labels/ant2_frame_000413_t0013-780_jpg.rf.a4ae5e62bbec2da9c5d013f2ce979dbc.txt,samples/ant2.mp4,13.78
"{""adult_ant_positive"": [""queen"", ""worker"", ""major"", ""minor"", ""replete""], ""box_policy"": ""one physical adult ant = one tight visible body box around head + thorax + abdomen; no intentional leg/antenna-tip padding; overlapping boxes allowed"", ""class_mapping"": {""0"": ""ant""}, ""forbidden"": [""training"", ""pseudo-labeling"", ""copying historical ant2 labels as new FormicAI ground truth"", ""remapping AntsNet labels automatically"", ""declaring hard negatives before full-resolution human zero-ant verification""], ""not_ant"": [""brood"", ""food"", ""cotton"", ""substrate"", ""reflection""]}",large_ge_ant2_median,"[""ant2"", ""container_context"", ""cotton_context"", ""glare_reflections"", ""own_colony"", ""substrate_context"", ""tight_relabel_required""]",4,427,"{""area_max"": 0.09495, ""area_median"": 0.03855638035714286, ""area_min"": 0.021738095238095237, ""count"": 4, ""height_median"": 0.18649285714285718, ""width_median"": 0.21666666666666667}",13dd27b3f971a1de88047c47e2ff16ab6eaddb812c0a5464fff2820f7c2bcaac,700,datasets/ants_v3_annotation_pack/ant2/images/ant2_frame_000427_t0014-247_jpg.rf.5e24f7e93d62f2e9b844be1d8b325e17.jpg,11a0a1d1e3f8182d91b706059ac818b82b5f94dd47f921ae3d0a1f9a75a8973b,600,Historical ant2 labels are reference metadata only and were not copied as FormicAI v3 ground truth.,ant2_frame_000427_t0014-247_jpg.rf.5e24f7e93d62f2e9b844be1d8b325e17.jpg,4,"[""temporal coverage"", ""own-colony close-up scale"", ""late-sequence glare/reflection variation""]",ant2,exported_dataset/train/images/ant2_frame_000427_t0014-247_jpg.rf.5e24f7e93d62f2e9b844be1d8b325e17.jpg,exported_dataset/train/labels/ant2_frame_000427_t0014-247_jpg.rf.5e24f7e93d62f2e9b844be1d8b325e17.txt,samples/ant2.mp4,14.247
"{""adult_ant_positive"": [""queen"", ""worker"", ""major"", ""minor"", ""replete""], ""box_policy"": ""one physical adult ant = one tight visible body box around head + thorax + abdomen; no intentional leg/antenna-tip padding; overlapping boxes allowed"", ""class_mapping"": {""0"": ""ant""}, ""forbidden"": [""training"", ""pseudo-labeling"", ""copying historical ant2 labels as new FormicAI ground truth"", ""remapping AntsNet labels automatically"", ""declaring hard negatives before full-resolution human zero-ant verification""], ""not_ant"": [""brood"", ""food"", ""cotton"", ""substrate"", ""reflection""]}",large_ge_ant2_median,"[""ant2"", ""container_context"", ""cotton_context"", ""glare_reflections"", ""own_colony"", ""substrate_context"", ""tight_relabel_required""]",4,434,"{""area_max"": 0.10102857142857144, ""area_median"": 0.035336904761904764, ""area_min"": 0.0261, ""count"": 4, ""height_median"": 0.16714285714285715, ""width_median"": 0.22583333333333333}",8d1a8eaf0691a5688145444f04f8008a72115490fc2ba93835768a8cd2fe922e,700,datasets/ants_v3_annotation_pack/ant2/images/ant2_frame_000434_t0014-480_jpg.rf.86c3c14f091264ef849a1baec3e7f181.jpg,634a49b2d03e553cd669ce923914b30089c9f9279cb5ce5f9c8ce902ef554f6c,600,Historical ant2 labels are reference metadata only and were not copied as FormicAI v3 ground truth.,ant2_frame_000434_t0014-480_jpg.rf.86c3c14f091264ef849a1baec3e7f181.jpg,4,"[""temporal coverage"", ""own-colony close-up scale"", ""late-sequence glare/reflection variation""]",ant2,exported_dataset/train/images/ant2_frame_000434_t0014-480_jpg.rf.86c3c14f091264ef849a1baec3e7f181.jpg,exported_dataset/train/labels/ant2_frame_000434_t0014-480_jpg.rf.86c3c14f091264ef849a1baec3e7f181.txt,samples/ant2.mp4,14.48
"{""adult_ant_positive"": [""queen"", ""worker"", ""major"", ""minor"", ""replete""], ""box_policy"": ""one physical adult ant = one tight visible body box around head + thorax + abdomen; no intentional leg/antenna-tip padding; overlapping boxes allowed"", ""class_mapping"": {""0"": ""ant""}, ""forbidden"": [""training"", ""pseudo-labeling"", ""copying historical ant2 labels as new FormicAI ground truth"", ""remapping AntsNet labels automatically"", ""declaring hard negatives before full-resolution human zero-ant verification""], ""not_ant"": [""brood"", ""food"", ""cotton"", ""substrate"", ""reflection""]}",medium_bridge_v2_to_ant2,"[""ant2"", ""container_context"", ""cotton_context"", ""glare_reflections"", ""own_colony"", ""substrate_context"", ""tight_relabel_required""]",3,448,"{""area_max"": 0.09675, ""area_median"": 0.028224761904761916, ""area_min"": 0.025654702857142844, ""count"": 3, ""height_median"": 0.13765714285714287, ""width_median"": 0.24696666666666658}",6dc5615fc1aa81ed07791931439ac130e280c8403f9fe9f9111bfa7f5ec44c37,700,datasets/ants_v3_annotation_pack/ant2/images/ant2_frame_000448_t0014-948_jpg.rf.3241a34f56a26f90002f899a36206737.jpg,3d8a3a72a9997a2d419cf279ddf30a150f666663c1e1a0d57249493b921fc384,600,Historical ant2 labels are reference metadata only and were not copied as FormicAI v3 ground truth.,ant2_frame_000448_t0014-948_jpg.rf.3241a34f56a26f90002f899a36206737.jpg,3,"[""temporal coverage"", ""own-colony close-up scale"", ""late-sequence glare/reflection variation""]",ant2,exported_dataset/train/images/ant2_frame_000448_t0014-948_jpg.rf.3241a34f56a26f90002f899a36206737.jpg,exported_dataset/train/labels/ant2_frame_000448_t0014-948_jpg.rf.3241a34f56a26f90002f899a36206737.txt,samples/ant2.mp4,14.948
"{""adult_ant_positive"": [""queen"", ""worker"", ""major"", ""minor"", ""replete""], ""box_policy"": ""one physical adult ant = one tight visible body box around head + thorax + abdomen; no intentional leg/antenna-tip padding; overlapping boxes allowed"", ""class_mapping"": {""0"": ""ant""}, ""forbidden"": [""training"", ""pseudo-labeling"", ""copying historical ant2 labels as new FormicAI ground truth"", ""remapping AntsNet labels automatically"", ""declaring hard negatives before full-resolution human zero-ant verification""], ""not_ant"": [""brood"", ""food"", ""cotton"", ""substrate"", ""reflection""]}",large_ge_ant2_median,"[""ant2"", ""container_context"", ""cotton_context"", ""glare_reflections"", ""own_colony"", ""substrate_context"", ""tight_relabel_required""]",3,455,"{""area_max"": 0.09741904761904761, ""area_median"": 0.08833223142857143, ""area_min"": 0.03181428571428571, ""count"": 3, ""height_median"": 0.22337142857142858, ""width_median"": 0.35333333333333333}",e6ff292da13015dd2b965a2cb778a5e98d9a629e382d223baa1219d38005c15d,700,datasets/ants_v3_annotation_pack/ant2/images/ant2_frame_000455_t0015-181_jpg.rf.dc0c7d308d5e2704147627e297c8884f.jpg,348247aee3ed3773ea5d8b227b51881c66c7b096fb49271e13e92c1df54c57b3,600,Historical ant2 labels are reference metadata only and were not copied as FormicAI v3 ground truth.,ant2_frame_000455_t0015-181_jpg.rf.dc0c7d308d5e2704147627e297c8884f.jpg,3,"[""temporal coverage"", ""own-colony close-up scale"", ""late-sequence glare/reflection variation""]",ant2,exported_dataset/valid/images/ant2_frame_000455_t0015-181_jpg.rf.dc0c7d308d5e2704147627e297c8884f.jpg,exported_dataset/valid/labels/ant2_frame_000455_t0015-181_jpg.rf.dc0c7d308d5e2704147627e297c8884f.txt,samples/ant2.mp4,15.181
"{""adult_ant_positive"": [""queen"", ""worker"", ""major"", ""minor"", ""replete""], ""box_policy"": ""one physical adult ant = one tight visible body box around head + thorax + abdomen; no intentional leg/antenna-tip padding; overlapping boxes allowed"", ""class_mapping"": {""0"": ""ant""}, ""forbidden"": [""training"", ""pseudo-labeling"", ""copying historical ant2 labels as new FormicAI ground truth"", ""remapping AntsNet labels automatically"", ""declaring hard negatives before full-resolution human zero-ant verification""], ""not_ant"": [""brood"", ""food"", ""cotton"", ""substrate"", ""reflection""]}",large_ge_ant2_median,"[""ant2"", ""container_context"", ""cotton_context"", ""glare_reflections"", ""own_colony"", ""substrate_context"", ""tight_relabel_required""]",4,469,"{""area_max"": 0.09822857142857143, ""area_median"": 0.03492781285714286, ""area_min"": 0.025478571428571427, ""count"": 4, ""height_median"": 0.16097142857142854, ""width_median"": 0.25083333333333335}",160c45192b22c1816cbc211d8d86a8df042b37378999158f330efe5d22679236,700,datasets/ants_v3_annotation_pack/ant2/images/ant2_frame_000469_t0015-648_jpg.rf.bd623f91d6aa6a2a6443756d0a1f2bf3.jpg,09aa68930ac3e604b38600fc3b8f72f22f5a3caef7bca483cbe11d7384a0a0bc,600,Historical ant2 labels are reference metadata only and were not copied as FormicAI v3 ground truth.,ant2_frame_000469_t0015-648_jpg.rf.bd623f91d6aa6a2a6443756d0a1f2bf3.jpg,4,"[""temporal coverage"", ""own-colony close-up scale"", ""late-sequence glare/reflection variation""]",ant2,exported_dataset/train/images/ant2_frame_000469_t0015-648_jpg.rf.bd623f91d6aa6a2a6443756d0a1f2bf3.jpg,exported_dataset/train/labels/ant2_frame_000469_t0015-648_jpg.rf.bd623f91d6aa6a2a6443756d0a1f2bf3.txt,samples/ant2.mp4,15.648
