image_filename,image_path,image_sha256,video_filename,video_sha256,session_group,subdomain_group,source_frame_index,timestamp_seconds,image_width,image_height,temporal_bin,target_bins_for_video,phash
Ants4_f000128_t0002p133s.jpg,datasets/ants_v4_annotation_pack/own_colony_train/images/Ants4_f000128_t0002p133s.jpg,be6f8e502aa77e40a3072a51f07e4c3949652e87166a4824dfb918707245d3d9,Ants4.mp4,b57141b70f2fd0ceafdcf4676990f8204eb11d4cf6601a25eaa0bd5b31a20192,session_B_2026-08-14_block_nest_entry,block_nest_entry,128,2.132627,1920,1080,0,12,df3c309d9e3624d9
Ants4_f000460_t0007p664s.jpg,datasets/ants_v4_annotation_pack/own_colony_train/images/Ants4_f000460_t0007p664s.jpg,3bdd6e199ce1ba1a64ba54084824e250895b80fed5955c0797156923f70b1eda,Ants4.mp4,b57141b70f2fd0ceafdcf4676990f8204eb11d4cf6601a25eaa0bd5b31a20192,session_B_2026-08-14_block_nest_entry,block_nest_entry,460,7.664129,1920,1080,1,12,df38308d9f7624d9
Ants4_f000677_t0011p280s.jpg,datasets/ants_v4_annotation_pack/own_colony_train/images/Ants4_f000677_t0011p280s.jpg,c84327cf389492b4560df760ce9bc79a72dbdf6f1d716a8cdb445738de394eb0,Ants4.mp4,b57141b70f2fd0ceafdcf4676990f8204eb11d4cf6601a25eaa0bd5b31a20192,session_B_2026-08-14_block_nest_entry,block_nest_entry,677,11.279599,1920,1080,2,12,df3c308d9e7624d9
Ants4_f000894_t0014p895s.jpg,datasets/ants_v4_annotation_pack/own_colony_train/images/Ants4_f000894_t0014p895s.jpg,65bbf681a77169f3df906a195c358c95d6cbf3353a29daef577a184f6c956df8,Ants4.mp4,b57141b70f2fd0ceafdcf4676990f8204eb11d4cf6601a25eaa0bd5b31a20192,session_B_2026-08-14_block_nest_entry,block_nest_entry,894,14.895069,1920,1080,3,12,df3c308d9f3624d9
Ants4_f001149_t0019p144s.jpg,datasets/ants_v4_annotation_pack/own_colony_train/images/Ants4_f001149_t0019p144s.jpg,5c0f8bb74f7f32f9afe6fb23bee1d02d7bcedd3de33a36655f57a6a6832eb610,Ants4.mp4,b57141b70f2fd0ceafdcf4676990f8204eb11d4cf6601a25eaa0bd5b31a20192,session_B_2026-08-14_block_nest_entry,block_nest_entry,1149,19.143662,1920,1080,4,12,df3c308d9e7624d9
Ants4_f001405_t0023p409s.jpg,datasets/ants_v4_annotation_pack/own_colony_train/images/Ants4_f001405_t0023p409s.jpg,1fe9e13f4937abb84546b3903c3dce750f30d0181535029bf47437d5df3b4ec9,Ants4.mp4,b57141b70f2fd0ceafdcf4676990f8204eb11d4cf6601a25eaa0bd5b31a20192,session_B_2026-08-14_block_nest_entry,block_nest_entry,1405,23.408917,1920,1080,5,12,df3c309d9e3624d9
Ants4_f001699_t0028p307s.jpg,datasets/ants_v4_annotation_pack/own_colony_train/images/Ants4_f001699_t0028p307s.jpg,cdda0c365a6c1458d298a346c62b9b301c50d086a2bc8534564cecad12e8aa9b,Ants4.mp4,b57141b70f2fd0ceafdcf4676990f8204eb11d4cf6601a25eaa0bd5b31a20192,session_B_2026-08-14_block_nest_entry,block_nest_entry,1699,28.307296,1920,1080,6,12,df38309d9f3624d9
Ants4_f001877_t0031p273s.jpg,datasets/ants_v4_annotation_pack/own_colony_train/images/Ants4_f001877_t0031p273s.jpg,405f5c35bfeae3c46b5484a51a8988ca60d6cdd23460030a690df81fb91986ac,Ants4.mp4,b57141b70f2fd0ceafdcf4676990f8204eb11d4cf6601a25eaa0bd5b31a20192,session_B_2026-08-14_block_nest_entry,block_nest_entry,1877,31.27298,1920,1080,7,12,df38319d9e3624d9
Ants4_f002171_t0036p171s.jpg,datasets/ants_v4_annotation_pack/own_colony_train/images/Ants4_f002171_t0036p171s.jpg,1c94359da9781c27c750dc80f444862e74e48d5ac21dd44d3e83ef9784542364,Ants4.mp4,b57141b70f2fd0ceafdcf4676990f8204eb11d4cf6601a25eaa0bd5b31a20192,session_B_2026-08-14_block_nest_entry,block_nest_entry,2171,36.171359,1920,1080,8,12,df3c309d9e3624d9
Ants4_f002426_t0040p420s.jpg,datasets/ants_v4_annotation_pack/own_colony_train/images/Ants4_f002426_t0040p420s.jpg,20c375435a4586b2554e12637e087fbdf895ec08c791d15a11b963a71089ef07,Ants4.mp4,b57141b70f2fd0ceafdcf4676990f8204eb11d4cf6601a25eaa0bd5b31a20192,session_B_2026-08-14_block_nest_entry,block_nest_entry,2426,40.419952,1920,1080,9,12,df3c309d9e3624d9
Ants4_f002682_t0044p685s.jpg,datasets/ants_v4_annotation_pack/own_colony_train/images/Ants4_f002682_t0044p685s.jpg,42168fcd11b17e0a7f27d46022fc53d3ae8574c1724ef87c844ecd4e12913a99,Ants4.mp4,b57141b70f2fd0ceafdcf4676990f8204eb11d4cf6601a25eaa0bd5b31a20192,session_B_2026-08-14_block_nest_entry,block_nest_entry,2682,44.685207,1920,1080,10,12,df3c309d9e3624d9
Ants4_f002937_t0048p934s.jpg,datasets/ants_v4_annotation_pack/own_colony_train/images/Ants4_f002937_t0048p934s.jpg,0db5d0c81361fa6ca2e18383ca261afebc402a227942e7b471e68814e85777af,Ants4.mp4,b57141b70f2fd0ceafdcf4676990f8204eb11d4cf6601a25eaa0bd5b31a20192,session_B_2026-08-14_block_nest_entry,block_nest_entry,2937,48.9338,1920,1080,11,12,df2a318d9e7624d9
Ants6_f000293_t0004p882s.jpg,datasets/ants_v4_annotation_pack/own_colony_train/images/Ants6_f000293_t0004p882s.jpg,df00afe66f9f170821a49069e09ebff413b76a611241f8aeb950555a8ead1a68,Ants6.mp4,d525ab0a5d1c3625c79ad50288d4c4480faf7880faf40b97e07b5e6043b937d0,session_B_2026-08-14_block_nest_entry,block_nest_entry,293,4.881736,1920,1080,0,12,df08777139988ee6
Ants6_f000605_t0010p080s.jpg,datasets/ants_v4_annotation_pack/own_colony_train/images/Ants6_f000605_t0010p080s.jpg,814d4364488436e2ceafa1800bdd62cbc0f5abfe8967d7cc7bbfd72cba8d306c,Ants6.mp4,d525ab0a5d1c3625c79ad50288d4c4480faf7880faf40b97e07b5e6043b937d0,session_B_2026-08-14_block_nest_entry,block_nest_entry,605,10.080035,1920,1080,1,12,df3e318c8f3624d9
Ants6_f000917_t0015p278s.jpg,datasets/ants_v4_annotation_pack/own_colony_train/images/Ants6_f000917_t0015p278s.jpg,8417eda6c53aaf9f436e0cedc3b21307c20dc14da503ba5aceeefd73fc532923,Ants6.mp4,d525ab0a5d1c3625c79ad50288d4c4480faf7880faf40b97e07b5e6043b937d0,session_B_2026-08-14_block_nest_entry,block_nest_entry,917,15.278334,1920,1080,2,12,df2831159ef625d9
Ants6_f001284_t0021p393s.jpg,datasets/ants_v4_annotation_pack/own_colony_train/images/Ants6_f001284_t0021p393s.jpg,f923cfc386dfcb490e141be2dd61be480f08e48f50b539036ca069ce24b334c1,Ants6.mp4,d525ab0a5d1c3625c79ad50288d4c4480faf7880faf40b97e07b5e6043b937d0,session_B_2026-08-14_block_nest_entry,block_nest_entry,1284,21.393,1920,1080,3,12,df3c318d9e3624d9
Ants6_f001760_t0029p324s.jpg,datasets/ants_v4_annotation_pack/own_colony_train/images/Ants6_f001760_t0029p324s.jpg,5822507d2588cd5bf540faea817b6a2977ca2f114653e22fc3383ee7e6a9d065,Ants6.mp4,d525ab0a5d1c3625c79ad50288d4c4480faf7880faf40b97e07b5e6043b937d0,session_B_2026-08-14_block_nest_entry,block_nest_entry,1760,29.323738,1920,1080,4,12,df2f30dc8e3624d9
Ants6_f002017_t0033p606s.jpg,datasets/ants_v4_annotation_pack/own_colony_train/images/Ants6_f002017_t0033p606s.jpg,b12a7e42fdaee1a2474184eff35ea00d9d12b55a2510164e5e431b81c9fc9bc6,Ants6.mp4,d525ab0a5d1c3625c79ad50288d4c4480faf7880faf40b97e07b5e6043b937d0,session_B_2026-08-14_block_nest_entry,block_nest_entry,2017,33.60567,1920,1080,5,12,df2c309d9e7624d9
Ants6_f002329_t0038p804s.jpg,datasets/ants_v4_annotation_pack/own_colony_train/images/Ants6_f002329_t0038p804s.jpg,21c4ad945cb7f5877ff2563dc576436de6a5611e0669a34d8b10ed78400b5e0c,Ants6.mp4,d525ab0a5d1c3625c79ad50288d4c4480faf7880faf40b97e07b5e6043b937d0,session_B_2026-08-14_block_nest_entry,block_nest_entry,2329,38.803969,1920,1080,6,12,df38309d9e7624d9
Ants6_f002641_t0044p002s.jpg,datasets/ants_v4_annotation_pack/own_colony_train/images/Ants6_f002641_t0044p002s.jpg,604238ed9c5ca83716595c32235365ad825184c100e32f1f4936637c8c60d2ec,Ants6.mp4,d525ab0a5d1c3625c79ad50288d4c4480faf7880faf40b97e07b5e6043b937d0,session_B_2026-08-14_block_nest_entry,block_nest_entry,2641,44.002268,1920,1080,7,12,df2c309d8e7625d9
Ants6_f003117_t0051p933s.jpg,datasets/ants_v4_annotation_pack/own_colony_train/images/Ants6_f003117_t0051p933s.jpg,34dbcdb819223d3e7f5991af443f5aa448ec39d6768eba440171bfe40759cf75,Ants6.mp4,d525ab0a5d1c3625c79ad50288d4c4480faf7880faf40b97e07b5e6043b937d0,session_B_2026-08-14_block_nest_entry,block_nest_entry,3117,51.933006,1920,1080,8,12,df28309d9e7625d9
Ants6_f003484_t0058p048s.jpg,datasets/ants_v4_annotation_pack/own_colony_train/images/Ants6_f003484_t0058p048s.jpg,78fb9be09264f6e1caa08127a638103e48f2a4ee4e4f925905acae3b329aa650,Ants6.mp4,d525ab0a5d1c3625c79ad50288d4c4480faf7880faf40b97e07b5e6043b937d0,session_B_2026-08-14_block_nest_entry,block_nest_entry,3484,58.047672,1920,1080,9,12,df38309d9e7624d9
Ants6_f003851_t0064p162s.jpg,datasets/ants_v4_annotation_pack/own_colony_train/images/Ants6_f003851_t0064p162s.jpg,b33b99a0002a5112a0fff2c727dbf23535c3570b8fd0a3c3b4c22f1303004977,Ants6.mp4,d525ab0a5d1c3625c79ad50288d4c4480faf7880faf40b97e07b5e6043b937d0,session_B_2026-08-14_block_nest_entry,block_nest_entry,3851,64.162337,1920,1080,10,12,df3c309d9e3624d9
Ants6_f004218_t0070p277s.jpg,datasets/ants_v4_annotation_pack/own_colony_train/images/Ants6_f004218_t0070p277s.jpg,8b50cb0ab2345f99aa3f25182a05d2008e101cce7e7f96b4e80887ebcc9bcb6c,Ants6.mp4,d525ab0a5d1c3625c79ad50288d4c4480faf7880faf40b97e07b5e6043b937d0,session_B_2026-08-14_block_nest_entry,block_nest_entry,4218,70.277003,1920,1080,11,12,df38309d9e7624d9
Ants3_f000118_t0001p966s.jpg,datasets/ants_v4_annotation_pack/own_colony_train/images/Ants3_f000118_t0001p966s.jpg,e704dfa14c5e49c443f5af1f83b2babc562aae47554be4a269e27b881bb31366,Ants3.mp4,2692ad60fe3f4f406b2f4b20973e63382707856410ca382607cc6a27138cff69,session_B_2026-08-14_lateral_chamber,lateral_chamber,118,1.966009,1920,1080,0,8,efd43edc9530ca8f
Ants3_f000388_t0006p465s.jpg,datasets/ants_v4_annotation_pack/own_colony_train/images/Ants3_f000388_t0006p465s.jpg,06771942fad848f276b3e27b7f8da23ca8148c69f58abd0bcf154621bb828400,Ants3.mp4,2692ad60fe3f4f406b2f4b20973e63382707856410ca382607cc6a27138cff69,session_B_2026-08-14_lateral_chamber,lateral_chamber,388,6.464505,1920,1080,1,8,ea3c7fd13060c1ba
Ants3_f000518_t0008p630s.jpg,datasets/ants_v4_annotation_pack/own_colony_train/images/Ants3_f000518_t0008p630s.jpg,abe730fbad5cb720a46603abe61acfb3fd742c91a97d6eece99d72b06b6f9f91,Ants3.mp4,2692ad60fe3f4f406b2f4b20973e63382707856410ca382607cc6a27138cff69,session_B_2026-08-14_lateral_chamber,lateral_chamber,518,8.630448,1920,1080,2,8,fa357ed130608bb6
Ants3_f000788_t0013p129s.jpg,datasets/ants_v4_annotation_pack/own_colony_train/images/Ants3_f000788_t0013p129s.jpg,477353ee5e41c9fcaad6a52c2e22928d29e0735a49a91b43da57621cc3cb46d0,Ants3.mp4,2692ad60fe3f4f406b2f4b20973e63382707856410ca382607cc6a27138cff69,session_B_2026-08-14_lateral_chamber,lateral_chamber,788,13.128944,1920,1080,3,8,fbf478d51160cb1d
Ants3_f001023_t0017p044s.jpg,datasets/ants_v4_annotation_pack/own_colony_train/images/Ants3_f001023_t0017p044s.jpg,386a8d8e5488c24fc3d59c6c2172a7371b03528cf0fe5d8272b397bc3795c224,Ants3.mp4,2692ad60fe3f4f406b2f4b20973e63382707856410ca382607cc6a27138cff69,session_B_2026-08-14_lateral_chamber,lateral_chamber,1023,17.044302,1920,1080,4,8,fff43ad09534ea8f
Ants3_f001364_t0022p726s.jpg,datasets/ants_v4_annotation_pack/own_colony_train/images/Ants3_f001364_t0022p726s.jpg,cf20ace3977b22c92746dd6c200b3696adf43eee7976055374a579ed5cb08791,Ants3.mp4,2692ad60fe3f4f406b2f4b20973e63382707856410ca382607cc6a27138cff69,session_B_2026-08-14_lateral_chamber,lateral_chamber,1364,22.725735,1920,1080,5,8,fff43ad09531ea8f
Ants3_f001494_t0024p892s.jpg,datasets/ants_v4_annotation_pack/own_colony_train/images/Ants3_f001494_t0024p892s.jpg,8dc96b239a7ffd396e8638b9769edd2b5c9ac4ba1cd3874eeb788700dd4438aa,Ants3.mp4,2692ad60fe3f4f406b2f4b20973e63382707856410ca382607cc6a27138cff69,session_B_2026-08-14_lateral_chamber,lateral_chamber,1494,24.891678,1920,1080,6,8,ead42bd4823ae74d
Ants3_f001835_t0030p573s.jpg,datasets/ants_v4_annotation_pack/own_colony_train/images/Ants3_f001835_t0030p573s.jpg,4a248cc0262e4d93b9b1e655185b1bb707656051232921e2c9c2903ea353cfcd,Ants3.mp4,2692ad60fe3f4f406b2f4b20973e63382707856410ca382607cc6a27138cff69,session_B_2026-08-14_lateral_chamber,lateral_chamber,1835,30.573112,1920,1080,7,8,ffd42ad5be2fc898
Ants7_f000274_t0004p569s.jpg,datasets/ants_v4_annotation_pack/own_colony_train/images/Ants7_f000274_t0004p569s.jpg,2a304d69c59cd7f617dbfca1a405b9df6d14f0b698c5a03831d045b9dd4c6ae9,Ants7.mp4,f1b690fcca541958f4026e733c3b93db0599919d60940a4c37de3f5e286be848,session_B_2026-08-14_lateral_chamber,lateral_chamber,274,4.568502,1920,1080,0,8,ffa2f0d53ee09fb4
Ants7_f000739_t0012p322s.jpg,datasets/ants_v4_annotation_pack/own_colony_train/images/Ants7_f000739_t0012p322s.jpg,b11579503f0eddea3a9f150236cdae6009c142225406ba08bbb410663b4ada84,Ants7.mp4,f1b690fcca541958f4026e733c3b93db0599919d60940a4c37de3f5e286be848,session_B_2026-08-14_lateral_chamber,lateral_chamber,739,12.321617,1920,1080,1,8,ffe260d1bf60cbb5
Ants7_f001450_t0024p176s.jpg,datasets/ants_v4_annotation_pack/own_colony_train/images/Ants7_f001450_t0024p176s.jpg,bce112e9c7ddb8348b891c0c4e610a8d43a3fd462b1d265e861df895ac83535c,Ants7.mp4,f1b690fcca541958f4026e733c3b93db0599919d60940a4c37de3f5e286be848,session_B_2026-08-14_lateral_chamber,lateral_chamber,1450,24.17638,1920,1080,2,8,fda2e0d5bee09fb5
Ants7_f001997_t0033p297s.jpg,datasets/ants_v4_annotation_pack/own_colony_train/images/Ants7_f001997_t0033p297s.jpg,1e8825aacc8c5067d6d01349822926157773f46ac22aa91c28167f04a9d69927,Ants7.mp4,f1b690fcca541958f4026e733c3b93db0599919d60940a4c37de3f5e286be848,session_B_2026-08-14_lateral_chamber,lateral_chamber,1997,33.296711,1920,1080,3,8,ffe2e0d1bfe08fb5
Ants7_f002545_t0042p434s.jpg,datasets/ants_v4_annotation_pack/own_colony_train/images/Ants7_f002545_t0042p434s.jpg,ff0864a19249121c098ed513a7bec73f1773aafd71f25e1b6cf422c330c3d75e,Ants7.mp4,f1b690fcca541958f4026e733c3b93db0599919d60940a4c37de3f5e286be848,session_B_2026-08-14_lateral_chamber,lateral_chamber,2545,42.433715,1920,1080,4,8,ffe260d1bf60cb35
Ants7_f003174_t0052p921s.jpg,datasets/ants_v4_annotation_pack/own_colony_train/images/Ants7_f003174_t0052p921s.jpg,d1da367ead03563370d8a8c28e37f6b7a01ca6eae02b38a4c2e4ff338ba293ba,Ants7.mp4,f1b690fcca541958f4026e733c3b93db0599919d60940a4c37de3f5e286be848,session_B_2026-08-14_lateral_chamber,lateral_chamber,3174,52.921261,1920,1080,5,8,ffe260d1bfe0cbb5
Ants7_f003475_t0057p940s.jpg,datasets/ants_v4_annotation_pack/own_colony_train/images/Ants7_f003475_t0057p940s.jpg,786a5eecb9da8c668ed344e1ca91c5b8234af747179a5074bd748c6c731ec6a8,Ants7.mp4,f1b690fcca541958f4026e733c3b93db0599919d60940a4c37de3f5e286be848,session_B_2026-08-14_lateral_chamber,lateral_chamber,3475,57.939944,1920,1080,6,8,ffe260d0bfe0cfb5
Ants7_f004269_t0071p179s.jpg,datasets/ants_v4_annotation_pack/own_colony_train/images/Ants7_f004269_t0071p179s.jpg,e7421d72cd1273a71f3313d957d8c6dea1f30a666af9f8f37779f27f6009ea47,Ants7.mp4,f1b690fcca541958f4026e733c3b93db0599919d60940a4c37de3f5e286be848,session_B_2026-08-14_lateral_chamber,lateral_chamber,4269,71.178596,1920,1080,7,8,ffe220d1bf60cb1f
Ants8_f000161_t0002p684s.jpg,datasets/ants_v4_annotation_pack/own_colony_train/images/Ants8_f000161_t0002p684s.jpg,341b5920355e5ad7264eb384426ae8aae80c38b5140bf4e75e6893418593dff0,Ants8.mp4,a6d215f234f5055e70c30ffa083fd900b22e3579371ca08f220ca5b0ee1680b8,session_B_2026-08-14_lateral_chamber,lateral_chamber,161,2.68444,1920,1080,0,8,ead588df95e09fb1
Ants8_f000827_t0013p789s.jpg,datasets/ants_v4_annotation_pack/own_colony_train/images/Ants8_f000827_t0013p789s.jpg,acfe1574fd036f36ab0a7e666978cad6df0931e28bb3d0539910468fdb0645a9,Ants8.mp4,a6d215f234f5055e70c30ffa083fd900b22e3579371ca08f220ca5b0ee1680b8,session_B_2026-08-14_lateral_chamber,lateral_chamber,827,13.78902,1920,1080,1,8,ead5a8c89de5ce9d
Ants8_f001080_t0018p007s.jpg,datasets/ants_v4_annotation_pack/own_colony_train/images/Ants8_f001080_t0018p007s.jpg,1e8de210e55e96ea33cd2b7db0dfc1c1acd4c305295ba77a1d3258c1077b442a,Ants8.mp4,a6d215f234f5055e70c30ffa083fd900b22e3579371ca08f220ca5b0ee1680b8,session_B_2026-08-14_lateral_chamber,lateral_chamber,1080,18.007427,1920,1080,2,8,ead5a8dd95e48fb1
Ants8_f001746_t0029p112s.jpg,datasets/ants_v4_annotation_pack/own_colony_train/images/Ants8_f001746_t0029p112s.jpg,2a48be43b4abb0dfeb006329bb9cbd4882e466b672d3f9f91ee459b793e11acf,Ants8.mp4,a6d215f234f5055e70c30ffa083fd900b22e3579371ca08f220ca5b0ee1680b8,session_B_2026-08-14_lateral_chamber,lateral_chamber,1746,29.112006,1920,1080,3,8,ea512aca9734ea9e
Ants8_f001929_t0032p163s.jpg,datasets/ants_v4_annotation_pack/own_colony_train/images/Ants8_f001929_t0032p163s.jpg,255e4d85bf1286fe10e5b5e6095cee7415d65e7a3f3e7ce0be6db8538299d205,Ants8.mp4,a6d215f234f5055e70c30ffa083fd900b22e3579371ca08f220ca5b0ee1680b8,session_B_2026-08-14_lateral_chamber,lateral_chamber,1929,32.163265,1920,1080,4,8,eac5a8cf95ecce9c
Ants8_f002527_t0042p134s.jpg,datasets/ants_v4_annotation_pack/own_colony_train/images/Ants8_f002527_t0042p134s.jpg,58bfc0b2d8c388fa4eba122973f19ad8468d055e6740cbef5c61c5327842479c,Ants8.mp4,a6d215f234f5055e70c30ffa083fd900b22e3579371ca08f220ca5b0ee1680b8,session_B_2026-08-14_lateral_chamber,lateral_chamber,2527,42.134043,1920,1080,5,8,ead50ace9fe0ca9d
Ants8_f002917_t0048p637s.jpg,datasets/ants_v4_annotation_pack/own_colony_train/images/Ants8_f002917_t0048p637s.jpg,56bf76f71f332e6d0f80721427da5f697a75898b88ba5d847082fb3449c2d152,Ants8.mp4,a6d215f234f5055e70c30ffa083fd900b22e3579371ca08f220ca5b0ee1680b8,session_B_2026-08-14_lateral_chamber,lateral_chamber,2917,48.636725,1920,1080,6,8,e8c98acdbfe899b1
Ants8_f003308_t0055p156s.jpg,datasets/ants_v4_annotation_pack/own_colony_train/images/Ants8_f003308_t0055p156s.jpg,080245c535057fe7f6007e01bdc8afb1df9e9b4ad6cbd74cbf99ea40858f6dc3,Ants8.mp4,a6d215f234f5055e70c30ffa083fd900b22e3579371ca08f220ca5b0ee1680b8,session_B_2026-08-14_lateral_chamber,lateral_chamber,3308,55.156081,1920,1080,7,8,eb450aca9f32ea8f
Ants10_f000145_t0002p416s.jpg,datasets/ants_v4_annotation_pack/own_colony_train/images/Ants10_f000145_t0002p416s.jpg,52ce144bc4e630cd9728350574e5f6189a3f07de8e0898198d720c0001035e5a,Ants10.mp4,876763613a636b6f4d561e08fee76a0ed51147e6527e93baaca6ae4d3b4aaa18,session_B_2026-08-14_topdown_arena,topdown_arena,145,2.415869,1080,1920,0,8,ccde33ac8e8bd8e2
Ants10_f001086_t0018p094s.jpg,datasets/ants_v4_annotation_pack/own_colony_train/images/Ants10_f001086_t0018p094s.jpg,9986fc6406054851515d5e2abd88eadc182392941aa5942d4bbd23c06ded5ba2,Ants10.mp4,876763613a636b6f4d561e08fee76a0ed51147e6527e93baaca6ae4d3b4aaa18,session_B_2026-08-14_topdown_arena,topdown_arena,1086,18.094027,1080,1920,1,8,cc9e33bc8c8bd9c6
Ants10_f001702_t0028p357s.jpg,datasets/ants_v4_annotation_pack/own_colony_train/images/Ants10_f001702_t0028p357s.jpg,1ac981442a476d44bd1b78489c0355a329ead91f50280ad91238e7d864f32eb7,Ants10.mp4,876763613a636b6f4d561e08fee76a0ed51147e6527e93baaca6ae4d3b4aaa18,session_B_2026-08-14_topdown_arena,topdown_arena,1702,28.357306,1080,1920,2,8,cc9633b88ccbd9e6
Ants10_f002534_t0042p219s.jpg,datasets/ants_v4_annotation_pack/own_colony_train/images/Ants10_f002534_t0042p219s.jpg,fd71cbef5689a8149eee48d3864d8357ad35728e2db2a08baad5d0f74aec7b96,Ants10.mp4,876763613a636b6f4d561e08fee76a0ed51147e6527e93baaca6ae4d3b4aaa18,session_B_2026-08-14_topdown_arena,topdown_arena,2534,42.219396,1080,1920,3,8,ccd633988ccbd9e6
Ants10_f003259_t0054p299s.jpg,datasets/ants_v4_annotation_pack/own_colony_train/images/Ants10_f003259_t0054p299s.jpg,cb07da498f7e9b7035c7c021cf7593551062234af47ea161114a84f3aff91996,Ants10.mp4,876763613a636b6f4d561e08fee76a0ed51147e6527e93baaca6ae4d3b4aaa18,session_B_2026-08-14_topdown_arena,topdown_arena,3259,54.298742,1080,1920,4,8,ccd633988ccbd9e6
Ants10_f003983_t0066p361s.jpg,datasets/ants_v4_annotation_pack/own_colony_train/images/Ants10_f003983_t0066p361s.jpg,adce36f9a1d74f1cb293817db6dc953f5a4f18f1f80890197abbfcf3f5effffa,Ants10.mp4,876763613a636b6f4d561e08fee76a0ed51147e6527e93baaca6ae4d3b4aaa18,session_B_2026-08-14_topdown_arena,topdown_arena,3983,66.361427,1080,1920,5,8,ccd633b88ccbd8e6
Ants10_f004815_t0080p224s.jpg,datasets/ants_v4_annotation_pack/own_colony_train/images/Ants10_f004815_t0080p224s.jpg,3eadf66766cf0085ec24db77fe88ce4bb2b0c6fe2229173122ce36f37d8bb97d,Ants10.mp4,876763613a636b6f4d561e08fee76a0ed51147e6527e93baaca6ae4d3b4aaa18,session_B_2026-08-14_topdown_arena,topdown_arena,4815,80.223518,1080,1920,6,8,ccd233bc8c8bd9e6
Ants10_f005322_t0088p671s.jpg,datasets/ants_v4_annotation_pack/own_colony_train/images/Ants10_f005322_t0088p671s.jpg,cd42132047bc0caef2aafd8578753846c8bbcf99b0c194808a68024580cff0d9,Ants10.mp4,876763613a636b6f4d561e08fee76a0ed51147e6527e93baaca6ae4d3b4aaa18,session_B_2026-08-14_topdown_arena,topdown_arena,5322,88.670729,1080,1920,7,8,ccd63398cc8bd9e6
Ants5_f000230_t0003p832s.jpg,datasets/ants_v4_annotation_pack/own_colony_train/images/Ants5_f000230_t0003p832s.jpg,10f0216ee379cf0eeb659ccc0d7af8d78e3355f0fd20e2b8d8943b5b6cd7b381,Ants5.mp4,9ad3cddc7e050ccc47233797ac219d17902e7ee5672b150bf0b6a2dffab3910c,session_B_2026-08-14_topdown_arena,topdown_arena,230,3.832067,1080,1920,0,8,ccd833b88c8bd9ee
Ants5_f000761_t0012p679s.jpg,datasets/ants_v4_annotation_pack/own_colony_train/images/Ants5_f000761_t0012p679s.jpg,b9f859de58f33fbf08b71985f085fffd5ef1c1bb302aca0bab9ea4a547bfc88b,Ants5.mp4,9ad3cddc7e050ccc47233797ac219d17902e7ee5672b150bf0b6a2dffab3910c,session_B_2026-08-14_topdown_arena,topdown_arena,761,12.679143,1080,1920,1,8,ccde33a88ccbd9c6
Ants5_f001152_t0019p194s.jpg,datasets/ants_v4_annotation_pack/own_colony_train/images/Ants5_f001152_t0019p194s.jpg,7331cc1736a3bdb325885735aeaca2b120f09457b828fd287fb98aeeca9d9025,Ants5.mp4,9ad3cddc7e050ccc47233797ac219d17902e7ee5672b150bf0b6a2dffab3910c,session_B_2026-08-14_topdown_arena,topdown_arena,1152,19.193657,1080,1920,2,8,cc9633b88c8bd9ee
Ants5_f001683_t0028p041s.jpg,datasets/ants_v4_annotation_pack/own_colony_train/images/Ants5_f001683_t0028p041s.jpg,ff1a8602bfa242d450dc1c7393a38f610c601806e1efffd6e3f6406f9c2c6e1f,Ants5.mp4,9ad3cddc7e050ccc47233797ac219d17902e7ee5672b150bf0b6a2dffab3910c,session_B_2026-08-14_topdown_arena,topdown_arena,1683,28.040734,1080,1920,3,8,cc9433b88ccbd9ee
Ants5_f002074_t0034p555s.jpg,datasets/ants_v4_annotation_pack/own_colony_train/images/Ants5_f002074_t0034p555s.jpg,eb165bc4e7eca21d5888bffdc2e95434dc6d6a93fdc60f95b335ed51defad712,Ants5.mp4,9ad3cddc7e050ccc47233797ac219d17902e7ee5672b150bf0b6a2dffab3910c,session_B_2026-08-14_topdown_arena,topdown_arena,2074,34.555248,1080,1920,4,8,cc9c33b88c8bd9ee
Ants5_f002536_t0042p253s.jpg,datasets/ants_v4_annotation_pack/own_colony_train/images/Ants5_f002536_t0042p253s.jpg,20180e242818a500fd511eb36992c13711b0cb849194d9eda7d06fd9220f84da,Ants5.mp4,9ad3cddc7e050ccc47233797ac219d17902e7ee5672b150bf0b6a2dffab3910c,session_B_2026-08-14_topdown_arena,topdown_arena,2536,42.252704,1080,1920,5,8,ccd633888ccbd9ee
Ants5_f002858_t0047p618s.jpg,datasets/ants_v4_annotation_pack/own_colony_train/images/Ants5_f002858_t0047p618s.jpg,0cdd023a099009ba4ee88d1dcd81fe2131fe0962f5d363208bd1ad142f120969,Ants5.mp4,9ad3cddc7e050ccc47233797ac219d17902e7ee5672b150bf0b6a2dffab3910c,session_B_2026-08-14_topdown_arena,topdown_arena,2858,47.617598,1080,1920,6,8,ccd633a88c8bd9f6
Ants5_f003458_t0057p614s.jpg,datasets/ants_v4_annotation_pack/own_colony_train/images/Ants5_f003458_t0057p614s.jpg,d1d8d024ec16e3ba202837385a11b135bf5e233e1d40de2dfede9fa42dc3d1f4,Ants5.mp4,9ad3cddc7e050ccc47233797ac219d17902e7ee5672b150bf0b6a2dffab3910c,session_B_2026-08-14_topdown_arena,topdown_arena,3458,57.614294,1080,1920,7,8,ccd633b88c8bd9e6
Ants9_f000115_t0001p916s.jpg,datasets/ants_v4_annotation_pack/own_colony_train/images/Ants9_f000115_t0001p916s.jpg,54161c900d7e4e845c6f6e6c8216a9eeab603526a9cac5a3de7e324c6a137f84,Ants9.mp4,bf5f73aa86383edf263757edeb1d68c4a63cb3a1981a580b1d203de137fb5fdd,session_B_2026-08-14_topdown_arena,topdown_arena,115,1.916034,1080,1920,0,8,cc9633dc8ccbd8e6
Ants9_f000947_t0015p778s.jpg,datasets/ants_v4_annotation_pack/own_colony_train/images/Ants9_f000947_t0015p778s.jpg,8a41c41fd6a6bc78cd977e634b2acd7fa95ab7546fe7cd859c9ea31da6bf4dca,Ants9.mp4,bf5f73aa86383edf263757edeb1d68c4a63cb3a1981a580b1d203de137fb5fdd,session_B_2026-08-14_topdown_arena,topdown_arena,947,15.778125,1080,1920,1,8,cc8e3398cccbd9e6
Ants9_f001435_t0023p909s.jpg,datasets/ants_v4_annotation_pack/own_colony_train/images/Ants9_f001435_t0023p909s.jpg,0ed88ef2abbd20f87ef1b60314b11fdbf0898b17fcf36b7d1b331a6a9d08741d,Ants9.mp4,bf5f73aa86383edf263757edeb1d68c4a63cb3a1981a580b1d203de137fb5fdd,session_B_2026-08-14_topdown_arena,topdown_arena,1435,23.908774,1080,1920,2,8,ccd633988ccbd9e6
Ants9_f002009_t0033p472s.jpg,datasets/ants_v4_annotation_pack/own_colony_train/images/Ants9_f002009_t0033p472s.jpg,b1a74b9a96b48ecc1435ed5f65a2894d6eeef184f09d52faf409895d7a2f7cbf,Ants9.mp4,bf5f73aa86383edf263757edeb1d68c4a63cb3a1981a580b1d203de137fb5fdd,session_B_2026-08-14_topdown_arena,topdown_arena,2009,33.472284,1080,1920,3,8,ccd233988ccbd9ee
Ants9_f002411_t0040p170s.jpg,datasets/ants_v4_annotation_pack/own_colony_train/images/Ants9_f002411_t0040p170s.jpg,634e5aecd87f7fd0c015deb54c201e7d62e56b7b99cbde1770ebe971cb34c93d,Ants9.mp4,bf5f73aa86383edf263757edeb1d68c4a63cb3a1981a580b1d203de137fb5fdd,session_B_2026-08-14_topdown_arena,topdown_arena,2411,40.170073,1080,1920,4,8,dcd633988c8bd9ee
Ants9_f003158_t0052p616s.jpg,datasets/ants_v4_annotation_pack/own_colony_train/images/Ants9_f003158_t0052p616s.jpg,b3df790200ea6e011d49c997e622075a3c72dbb1e1d865003aafbdb21ad60efb,Ants9.mp4,bf5f73aa86383edf263757edeb1d68c4a63cb3a1981a580b1d203de137fb5fdd,session_B_2026-08-14_topdown_arena,topdown_arena,3158,52.615965,1080,1920,5,8,ccd433b88ccbd9e6
Ants9_f003732_t0062p179s.jpg,datasets/ants_v4_annotation_pack/own_colony_train/images/Ants9_f003732_t0062p179s.jpg,06de9ef4238f6ea235b6b6b05c6ed05c133a3a856e5996a1555c8cad199e27f4,Ants9.mp4,bf5f73aa86383edf263757edeb1d68c4a63cb3a1981a580b1d203de137fb5fdd,session_B_2026-08-14_topdown_arena,topdown_arena,3732,62.179474,1080,1920,6,8,ccd233a88ccbd9ee
Ants9_f004134_t0068p877s.jpg,datasets/ants_v4_annotation_pack/own_colony_train/images/Ants9_f004134_t0068p877s.jpg,a0f5e96d380136e152b12ce7fdeebeb754c6ea6e65b39ee63b9c2b5ceeee2b5b,Ants9.mp4,bf5f73aa86383edf263757edeb1d68c4a63cb3a1981a580b1d203de137fb5fdd,session_B_2026-08-14_topdown_arena,topdown_arena,4134,68.877263,1080,1920,7,8,ccd033b88ccbd9cf
